Track Name,Artists,Album Name,Album ID,Track ID,Popularity,Release Date,Duration (ms),Explicit,External URLs,Danceability,Energy,Key,Loudness,Mode,Speechiness,Acousticness,Instrumentalness,Liveness,Valence,Tempo
The World Is My Oyster,LE SSERAFIM,FEARLESS,4Mc7WwYH41hgUWeKX25Sot,4Rrv9oNClBhzKRfKwdkg99,53,2022-05-02,106821,False,https://open.spotify.com/track/4Rrv9oNClBhzKRfKwdkg99,0.623,0.837,5,-7.699,1,0.0399,0.0203,0.454,0.199,0.601,120.043
The Great Mermaid,LE SSERAFIM,FEARLESS,4Mc7WwYH41hgUWeKX25Sot,5XO1SOADQxkdqGLFxX8rLN,63,2022-05-02,177795,False,https://open.spotify.com/track/5XO1SOADQxkdqGLFxX8rLN,0.625,0.824,0,-4.619,0,0.0614,0.000884,0.0,0.0908,0.438,94.963
Sour Grapes,LE SSERAFIM,FEARLESS,4Mc7WwYH41hgUWeKX25Sot,6wBpO4Xc4YgShnENGSFA1M,75,2022-05-02,196540,False,https://open.spotify.com/track/6wBpO4Xc4YgShnENGSFA1M,0.779,0.801,6,-5.564,0,0.0457,0.395,0.0,0.108,0.72,139.998
The Hydra,LE SSERAFIM,ANTIFRAGILE,3u0ggfmK0vjuHMNdUbtaa9,0JosgxxZKZ87QbW5TISJDE,56,2022-10-17,104203,False,https://open.spotify.com/track/0JosgxxZKZ87QbW5TISJDE,0.766,0.75,11,-5.872,0,0.162,0.00279,0.0676,0.0943,0.534,104.064
No Celestial,LE SSERAFIM,ANTIFRAGILE,3u0ggfmK0vjuHMNdUbtaa9,21ApmVGIzIAIDSBdHu6SVt,67,2022-10-17,166491,False,https://open.spotify.com/track/21ApmVGIzIAIDSBdHu6SVt,0.618,0.801,7,-2.905,1,0.0825,0.0168,0.0,0.131,0.699,138.028
Good Parts (when the quality is bad but I am),LE SSERAFIM,ANTIFRAGILE,3u0ggfmK0vjuHMNdUbtaa9,1sZBzYhrQG40zcSuKkI93c,71,2022-10-17,156355,False,https://open.spotify.com/track/1sZBzYhrQG40zcSuKkI93c,0.785,0.679,0,-4.907,1,0.0379,0.516,0.0,0.417,0.616,121.121
FEARLESS - Japanese ver.,LE SSERAFIM,FEARLESS,4db6bVyZTtbpZjsCQGyZpl,3sR8JLZH6aCgPN3XwHh2FU,41,2023-01-24,168867,False,https://open.spotify.com/track/3sR8JLZH6aCgPN3XwHh2FU,0.856,0.663,7,-5.969,1,0.0841,0.0518,0.000997,0.127,0.376,103.979
Blue Flame - Japanese ver.,LE SSERAFIM,FEARLESS,4db6bVyZTtbpZjsCQGyZpl,6FnZShD1O17bZa9emuXLXh,52,2023-01-24,201280,False,https://open.spotify.com/track/6FnZShD1O17bZa9emuXLXh,0.771,0.743,4,-3.601,0,0.0377,0.0213,8.54e-06,0.0809,0.746,112.056
Choices,LE SSERAFIM,FEARLESS,4db6bVyZTtbpZjsCQGyZpl,60ggb7NB66ztsfLsIqfbtn,42,2023-01-24,201027,False,https://open.spotify.com/track/60ggb7NB66ztsfLsIqfbtn,0.449,0.837,9,-4.571,1,0.198,0.0254,0.0,0.114,0.722,98.546
The World Is My Oyster (2023 Ver.),LE SSERAFIM,UNFORGIVEN,4Oz7K9DRwwGMN49i4NbVDT,2JGsTyLC4gLCWXVmvUn5Wi,51,2023-05-01,106821,False,https://open.spotify.com/track/2JGsTyLC4gLCWXVmvUn5Wi,0.614,0.855,5,-7.471,0,0.0398,0.0211,0.521,0.135,0.591,120.017
FEARLESS (2023 Ver.),LE SSERAFIM,UNFORGIVEN,4Oz7K9DRwwGMN49i4NbVDT,4K8jDTlNhZWEdnzZVGRMtN,73,2023-05-01,168437,False,https://open.spotify.com/track/4K8jDTlNhZWEdnzZVGRMtN,0.856,0.615,7,-7.226,1,0.133,0.0602,0.0018,0.118,0.48,103.948
Blue Flame (2023 Ver.),LE SSERAFIM,UNFORGIVEN,4Oz7K9DRwwGMN49i4NbVDT,2ahp0wvyEzyvgWfOhStHWp,68,2023-05-01,201895,False,https://open.spotify.com/track/2ahp0wvyEzyvgWfOhStHWp,0.771,0.747,4,-3.407,0,0.0455,0.023,1.47e-06,0.0706,0.762,112.046
The Hydra,LE SSERAFIM,UNFORGIVEN,4Oz7K9DRwwGMN49i4NbVDT,72RWX5lMa27RQG5DzbGaoj,52,2023-05-01,104203,False,https://open.spotify.com/track/72RWX5lMa27RQG5DzbGaoj,0.766,0.75,11,-5.872,0,0.162,0.00279,0.0676,0.0943,0.534,104.064
ANTIFRAGILE,LE SSERAFIM,UNFORGIVEN,4Oz7K9DRwwGMN49i4NbVDT,0bMoNdAnxNR0OuQbGDovrr,77,2023-05-01,184444,False,https://open.spotify.com/track/0bMoNdAnxNR0OuQbGDovrr,0.879,0.784,10,-3.944,0,0.081,0.0759,0.0,0.125,0.83,105.019
Impurities,LE SSERAFIM,UNFORGIVEN,4Oz7K9DRwwGMN49i4NbVDT,7mYwDmbbp8UPLlnRjTJ54X,67,2023-05-01,196365,False,https://open.spotify.com/track/7mYwDmbbp8UPLlnRjTJ54X,0.597,0.766,9,-4.192,0,0.0982,0.244,0.0,0.0664,0.453,180.126
Burn the Bridge,LE SSERAFIM,UNFORGIVEN,4Oz7K9DRwwGMN49i4NbVDT,3NJ5Ksj7LNbvfNgEtl3o6Z,56,2023-05-01,154650,False,https://open.spotify.com/track/3NJ5Ksj7LNbvfNgEtl3o6Z,0.532,0.76,2,-3.971,0,0.113,0.0418,1.02e-06,0.318,0.297,172.171
UNFORGIVEN (feat. Nile Rodgers),"LE SSERAFIM, Nile Rodgers",UNFORGIVEN,4Oz7K9DRwwGMN49i4NbVDT,51vRumtqbkNW9wrKfESwfu,80,2023-05-01,182149,False,https://open.spotify.com/track/51vRumtqbkNW9wrKfESwfu,0.795,0.875,4,-4.079,0,0.0525,0.111,8.94e-05,0.107,0.375,104.008
No-Return (Into the unknown),LE SSERAFIM,UNFORGIVEN,4Oz7K9DRwwGMN49i4NbVDT,6DSGb5CmwHX4pvclq8HUU1,64,2023-05-01,184824,False,https://open.spotify.com/track/6DSGb5CmwHX4pvclq8HUU1,0.753,0.717,7,-4.672,1,0.0593,0.0267,0.0,0.271,0.948,157.976
"Eve, Psyche & The Bluebeard’s wife",LE SSERAFIM,UNFORGIVEN,4Oz7K9DRwwGMN49i4NbVDT,4QhnNyKDsAkXPwHkSnuc89,79,2023-05-01,185539,False,https://open.spotify.com/track/4QhnNyKDsAkXPwHkSnuc89,0.663,0.872,11,-5.056,1,0.2,0.0153,0.0,0.0519,0.626,142.951
"FEARNOT (Between you, me and the lamppost)",LE SSERAFIM,UNFORGIVEN,4Oz7K9DRwwGMN49i4NbVDT,0sNfFxw3pJkVmRsgY781vM,60,2023-05-01,206832,False,https://open.spotify.com/track/0sNfFxw3pJkVmRsgY781vM,0.563,0.694,5,-5.221,1,0.0284,0.11,0.0,0.157,0.196,105.976
Flash Forward,LE SSERAFIM,UNFORGIVEN,4Oz7K9DRwwGMN49i4NbVDT,74cpuIw43kA8xPgbQEPdss,63,2023-05-01,195512,False,https://open.spotify.com/track/74cpuIw43kA8xPgbQEPdss,0.773,0.879,8,-3.623,1,0.0391,0.162,0.0,0.0897,0.839,114.949
Fire in the belly,LE SSERAFIM,UNFORGIVEN,4Oz7K9DRwwGMN49i4NbVDT,05RlBHEZg1RmL9DnPgv9Qq,64,2023-05-01,198233,False,https://open.spotify.com/track/05RlBHEZg1RmL9DnPgv9Qq,0.716,0.779,9,-3.735,0,0.0589,0.0106,0.0,0.0266,0.442,119.932
Guardian,LE SSERAFIM,BASTIONS OST Part.4,0pjWgLVCGDd3mEJIOIqE0k,1hXpqrmqmlYMfpF23fb8mK,55,2023-06-09,158981,False,https://open.spotify.com/track/1hXpqrmqmlYMfpF23fb8mK,0.771,0.875,2,-4.092,1,0.0562,0.00775,0.0,0.0998,0.722,150.105
Guardian (Inst.),LE SSERAFIM,BASTIONS OST Part.4,0pjWgLVCGDd3mEJIOIqE0k,6zqql2TBM7fSWlM6kJPdqq,34,2023-06-09,158648,False,https://open.spotify.com/track/6zqql2TBM7fSWlM6kJPdqq,0.75,0.752,2,-6.526,1,0.0658,0.000125,0.875,0.0703,0.902,150.018
UNFORGIVEN - Japanese ver.,"LE SSERAFIM, ナイル・ロジャース, Ado",UNFORGIVEN,2B11ELMAJKREkxW6Y4fclI,31cPtAsM5gjCeQYhlwbIBD,48,2023-08-22,182933,False,https://open.spotify.com/track/31cPtAsM5gjCeQYhlwbIBD,0.797,0.873,4,-4.286,0,0.0591,0.121,3.63e-05,0.121,0.435,104.002
ANTIFRAGILE - Japanese ver.,LE SSERAFIM,UNFORGIVEN,2B11ELMAJKREkxW6Y4fclI,0MvgLL3Rkj9JjEvpUqAy0m,52,2023-08-22,185293,False,https://open.spotify.com/track/0MvgLL3Rkj9JjEvpUqAy0m,0.863,0.799,10,-3.555,0,0.0662,0.0677,0.0,0.155,0.823,104.984
ジュエリー (Prod. imase),LE SSERAFIM,UNFORGIVEN,2B11ELMAJKREkxW6Y4fclI,27Ktms54Maeges2VYdsnec,45,2023-08-22,163813,False,https://open.spotify.com/track/27Ktms54Maeges2VYdsnec,0.725,0.863,9,-3.973,1,0.0514,0.102,0.0,0.13,0.691,119.018
"Eve, Psyche & the Bluebeard’s wife (English Ver.)",LE SSERAFIM,"Eve, Psyche & the Bluebeard’s wife (English Ver.)",1FoKSB8Kc39zc9exXYtNu8,1xaLyNaaZC3i5tmaDAWP76,58,2023-07-06,186119,False,https://open.spotify.com/track/1xaLyNaaZC3i5tmaDAWP76,0.686,0.872,11,-4.956,1,0.137,0.048,0.0,0.0562,0.703,142.963
Attention,NewJeans,NewJeans 1st EP 'New Jeans',1HMLpmZAnNyl9pxvOnTovV,2pIUpMhHL6L9Z5lnKxJJr9,79,2022-08-01,180067,False,https://open.spotify.com/track/2pIUpMhHL6L9Z5lnKxJJr9,0.811,0.648,10,-3.684,0,0.0368,0.236,0.0,0.0761,0.695,104.988
Hype Boy,NewJeans,NewJeans 1st EP 'New Jeans',1HMLpmZAnNyl9pxvOnTovV,0a4MMyCrzT0En247IhqZbD,82,2022-08-01,179027,False,https://open.spotify.com/track/0a4MMyCrzT0En247IhqZbD,0.593,0.935,4,-3.43,0,0.225,0.268,0.0,0.286,0.783,99.976
Cookie,NewJeans,NewJeans 1st EP 'New Jeans',1HMLpmZAnNyl9pxvOnTovV,2DwUdMJ5uxv20EhAildreg,76,2022-08-01,235562,False,https://open.spotify.com/track/2DwUdMJ5uxv20EhAildreg,0.847,0.638,0,-3.764,1,0.0575,0.0596,0.0,0.0894,0.661,156.935
Hurt,NewJeans,NewJeans 1st EP 'New Jeans',1HMLpmZAnNyl9pxvOnTovV,5expoVGQPvXuwBBFuNGqBd,76,2022-08-01,177947,False,https://open.spotify.com/track/5expoVGQPvXuwBBFuNGqBd,0.599,0.446,10,-6.511,0,0.0833,0.731,0.0,0.105,0.567,179.877
OMG,NewJeans,NewJeans 'OMG',45ozep8uHHnj5CCittuyXj,65FftemJ1DbbZ45DUfHJXE,84,2023-01-02,212253,False,https://open.spotify.com/track/65FftemJ1DbbZ45DUfHJXE,0.804,0.771,9,-4.067,0,0.0433,0.357,3.07e-06,0.108,0.739,126.956
Ditto,NewJeans,NewJeans 'OMG',45ozep8uHHnj5CCittuyXj,5702raF31K9rvD6KZ6sCTo,67,2023-01-02,185507,False,https://open.spotify.com/track/5702raF31K9rvD6KZ6sCTo,0.814,0.641,6,-5.957,0,0.111,0.027,0.0,0.0993,0.183,133.854
Zero,NewJeans,Zero,2zYcjcNUzcgMntymoukwZR,5LMoKDVzW2kDneNu2UbspP,70,2023-04-03,154194,False,https://open.spotify.com/track/5LMoKDVzW2kDneNu2UbspP,0.705,0.653,1,-7.407,0,0.17,0.31,1.46e-05,0.122,0.578,171.932
New Jeans,NewJeans,NewJeans 2nd EP 'Get Up',4N1fROq2oeyLGAlQ1C1j18,7woEDtme8YkFiWeyiinIjy,68,2023-07-21,108987,False,https://open.spotify.com/track/7woEDtme8YkFiWeyiinIjy,0.807,0.721,4,-6.211,0,0.0508,0.51,0.00216,0.115,0.532,134.014
Super Shy,NewJeans,NewJeans 2nd EP 'Get Up',4N1fROq2oeyLGAlQ1C1j18,0kwrPQkiGVE8KTHalH1uMo,68,2023-07-21,154667,False,https://open.spotify.com/track/0kwrPQkiGVE8KTHalH1uMo,0.776,0.817,5,-6.018,0,0.0748,0.18,3.44e-05,0.146,0.515,149.921
ETA,NewJeans,NewJeans 2nd EP 'Get Up',4N1fROq2oeyLGAlQ1C1j18,56v8WEnGzLByGsDAXDiv4d,82,2023-07-21,151373,False,https://open.spotify.com/track/56v8WEnGzLByGsDAXDiv4d,0.812,0.749,10,-6.389,0,0.0397,0.108,0.0,0.0599,0.841,134.971
Cool With You,NewJeans,NewJeans 2nd EP 'Get Up',4N1fROq2oeyLGAlQ1C1j18,02wk5BttM0QL38ERjLPQJB,79,2023-07-21,147880,False,https://open.spotify.com/track/02wk5BttM0QL38ERjLPQJB,0.752,0.65,5,-6.683,0,0.12,0.653,0.00136,0.105,0.532,134.993
Get Up,NewJeans,NewJeans 2nd EP 'Get Up',4N1fROq2oeyLGAlQ1C1j18,1wUnuiXMMvhudmzvcCtlZP,76,2023-07-21,36227,False,https://open.spotify.com/track/1wUnuiXMMvhudmzvcCtlZP,0.525,0.526,5,-7.03,1,0.0534,0.634,0.127,0.103,0.562,85.274
ASAP,NewJeans,NewJeans 2nd EP 'Get Up',4N1fROq2oeyLGAlQ1C1j18,5fpyAakgFOm4YTXkgfPzvV,77,2023-07-21,134387,False,https://open.spotify.com/track/5fpyAakgFOm4YTXkgfPzvV,0.934,0.486,0,-9.561,0,0.164,0.466,3.73e-05,0.0963,0.372,130.052
Beautiful Restriction,NewJeans,A Time Called You (Original Soundtrack from the Netflix Series),5qHH0SHWf5yQxG4yqHnIzY,7CHDUDw89DCR8vvI0yTXGa,65,2023-09-01,232453,False,https://open.spotify.com/track/7CHDUDw89DCR8vvI0yTXGa,0.609,0.869,3,-3.419,1,0.0567,0.166,0.0,0.224,0.338,124.904
aenergy,aespa,Savage - The 1st Mini Album,3vyyDkvYWC36DwgZCYd3Wu,1iNvVaWmlKJns2LNTXN39Q,66,2021-10-05,147400,False,https://open.spotify.com/track/1iNvVaWmlKJns2LNTXN39Q,0.744,0.897,7,-0.341,1,0.0862,0.103,3.11e-06,0.146,0.615,106.009
Savage,aespa,Savage - The 1st Mini Album,3vyyDkvYWC36DwgZCYd3Wu,3dbLT62Cvs46Ju7a8gpr36,73,2021-10-05,238144,False,https://open.spotify.com/track/3dbLT62Cvs46Ju7a8gpr36,0.727,0.879,9,-1.167,1,0.129,0.124,1.17e-05,0.244,0.671,146.959
I'll Make You Cry,aespa,Savage - The 1st Mini Album,3vyyDkvYWC36DwgZCYd3Wu,6l1dTAhX7P6EKvA11NLNuW,54,2021-10-05,214853,False,https://open.spotify.com/track/6l1dTAhX7P6EKvA11NLNuW,0.606,0.896,1,-3.098,1,0.11,0.0861,0.0,0.235,0.64,164.939
YEPPI YEPPI,aespa,Savage - The 1st Mini Album,3vyyDkvYWC36DwgZCYd3Wu,3UKKwGrpWWamc0XNSKXjmz,60,2021-10-05,213560,False,https://open.spotify.com/track/3UKKwGrpWWamc0XNSKXjmz,0.783,0.872,11,-2.416,1,0.174,0.0546,0.0391,0.029,0.708,124.993
ICONIC,aespa,Savage - The 1st Mini Album,3vyyDkvYWC36DwgZCYd3Wu,5bMHrigI1EAmZdiyRzKoQi,60,2021-10-05,191200,False,https://open.spotify.com/track/5bMHrigI1EAmZdiyRzKoQi,0.816,0.842,8,-1.164,0,0.115,0.509,7.94e-06,0.0534,0.625,152.991
Lucid Dream,aespa,Savage - The 1st Mini Album,3vyyDkvYWC36DwgZCYd3Wu,285Bh5EkbxGGE76ge8JDbH,70,2021-10-05,210560,False,https://open.spotify.com/track/285Bh5EkbxGGE76ge8JDbH,0.7,0.753,11,-3.841,0,0.0441,0.0539,1.72e-05,0.072,0.146,97.998
Next Level,aespa,Next Level,2CzbrboOLzeRoaaH1N5K0N,2zrhoHlFKxFTRF5aMyxMoQ,72,2021-05-17,221573,False,https://open.spotify.com/track/2zrhoHlFKxFTRF5aMyxMoQ,0.82,0.852,11,-2.567,0,0.166,0.488,5.94e-06,0.0907,0.82,109.036
Girls,aespa,Girls - The 2nd Mini Album,4w1dbvUy1crv0knXQvcSeY,2WTHLEVjfefbGoW7F3dXIg,69,2022-07-08,240440,False,https://open.spotify.com/track/2WTHLEVjfefbGoW7F3dXIg,0.57,0.974,3,-0.173,0,0.325,0.115,0.000594,0.125,0.65,171.958
Illusion,aespa,Girls - The 2nd Mini Album,4w1dbvUy1crv0knXQvcSeY,396FqjKmViUZ92Wmm4rx3i,69,2022-07-08,195053,False,https://open.spotify.com/track/396FqjKmViUZ92Wmm4rx3i,0.75,0.718,2,-2.817,0,0.0468,0.0814,1.75e-05,0.322,0.592,90.027
Lingo,aespa,Girls - The 2nd Mini Album,4w1dbvUy1crv0knXQvcSeY,3tB10LUdisNWISpLw5gPCk,53,2022-07-08,156867,False,https://open.spotify.com/track/3tB10LUdisNWISpLw5gPCk,0.763,0.886,7,-1.365,1,0.0931,0.116,0.000796,0.145,0.771,96.011
Life's Too Short,aespa,Girls - The 2nd Mini Album,4w1dbvUy1crv0knXQvcSeY,1uIN3VCVKzMXqF2A2Qlw5q,52,2022-07-08,178133,False,https://open.spotify.com/track/1uIN3VCVKzMXqF2A2Qlw5q,0.488,0.797,0,-3.217,1,0.0986,0.376,0.0,0.149,0.535,83.311
ICU,aespa,Girls - The 2nd Mini Album,4w1dbvUy1crv0knXQvcSeY,11JpW4h96X4TlGt6LFpNCC,53,2022-07-08,221640,False,https://open.spotify.com/track/11JpW4h96X4TlGt6LFpNCC,0.677,0.641,4,-3.607,1,0.0411,0.536,0.0,0.365,0.417,101.841
Life's Too Short (English Version),aespa,Girls - The 2nd Mini Album,4w1dbvUy1crv0knXQvcSeY,2ouguQxJZn4jXisuNREqe5,55,2022-07-08,178133,False,https://open.spotify.com/track/2ouguQxJZn4jXisuNREqe5,0.472,0.8,0,-3.681,1,0.265,0.289,0.0,0.149,0.548,72.203
Black Mamba,aespa,Girls - The 2nd Mini Album,4w1dbvUy1crv0knXQvcSeY,6Tj9KfzPp7tmgcDdsaPwGE,68,2022-07-08,174933,False,https://open.spotify.com/track/6Tj9KfzPp7tmgcDdsaPwGE,0.612,0.912,2,-2.853,1,0.0796,0.064,0.000799,0.0843,0.472,90.006
Forever,aespa,Girls - The 2nd Mini Album,4w1dbvUy1crv0knXQvcSeY,6kCHPE4E6nVg3KxZdlifnE,47,2022-07-08,298173,False,https://open.spotify.com/track/6kCHPE4E6nVg3KxZdlifnE,0.363,0.73,8,-3.794,1,0.0441,0.365,0.0,0.305,0.291,184.07
Dreams Come True,aespa,Girls - The 2nd Mini Album,4w1dbvUy1crv0knXQvcSeY,2GyZkPeiJXXBqYY1ddtsjk,61,2022-07-08,204933,False,https://open.spotify.com/track/2GyZkPeiJXXBqYY1ddtsjk,0.684,0.912,0,-0.205,1,0.0639,0.0762,0.0,0.304,0.556,98.992
Beautiful Christmas,"Red Velvet, aespa",Beautiful Christmas,1oniugll0x2gZ3l7o4z9iG,3k7FTBQkstaBcYHamx9jqe,59,2022-12-14,209800,False,https://open.spotify.com/track/3k7FTBQkstaBcYHamx9jqe,0.719,0.792,1,-2.549,1,0.0311,0.0365,0.0,0.33,0.727,109.98
Hold On Tight,aespa,Hold On Tight,4bWGRs1SqNwFXaRDXRAANN,1o844wI52S3TjXGBwvGcc7,73,2023-03-30,149719,False,https://open.spotify.com/track/1o844wI52S3TjXGBwvGcc7,0.586,0.816,7,-6.331,1,0.283,0.0911,2.81e-06,0.235,0.265,119.8
Welcome To MY World (feat. nævis),"aespa, nævis",MY WORLD - The 3rd Mini Album,69xF8jTd0c4Zoo7DT3Rwrn,3q5qpprtugUIEPExuI7tRD,57,2023-05-08,206920,False,https://open.spotify.com/track/3q5qpprtugUIEPExuI7tRD,0.598,0.836,7,-1.694,1,0.0304,0.185,0.0,0.292,0.37,152.009
Spicy,aespa,MY WORLD - The 3rd Mini Album,69xF8jTd0c4Zoo7DT3Rwrn,1ULdASrNy5rurl1TZfFaMP,74,2023-05-08,197040,False,https://open.spotify.com/track/1ULdASrNy5rurl1TZfFaMP,0.757,0.898,11,-1.247,0,0.0667,0.0138,0.0,0.0703,0.842,114.949
Salty & Sweet,aespa,MY WORLD - The 3rd Mini Album,69xF8jTd0c4Zoo7DT3Rwrn,4wQDjZtXjsFtU3BLSiIH4t,64,2023-05-08,201760,False,https://open.spotify.com/track/4wQDjZtXjsFtU3BLSiIH4t,0.796,0.636,10,-5.404,0,0.0414,0.0734,9.84e-05,0.126,0.582,102.979
Thirsty,aespa,MY WORLD - The 3rd Mini Album,69xF8jTd0c4Zoo7DT3Rwrn,6nICBdDevG4NZysIqDFPEa,68,2023-05-08,193413,False,https://open.spotify.com/track/6nICBdDevG4NZysIqDFPEa,0.654,0.787,6,-2.538,1,0.0636,0.549,0.0,0.13,0.632,77.513
I'm Unhappy,aespa,MY WORLD - The 3rd Mini Album,69xF8jTd0c4Zoo7DT3Rwrn,6fzio74FGqFFsenYkbGPzR,60,2023-05-08,205893,False,https://open.spotify.com/track/6fzio74FGqFFsenYkbGPzR,0.675,0.657,5,-3.695,1,0.131,0.152,0.0,0.101,0.334,81.947
'Til We Meet Again,aespa,MY WORLD - The 3rd Mini Album,69xF8jTd0c4Zoo7DT3Rwrn,60Uio68M57PwKEgZxSutL6,56,2023-05-08,218360,False,https://open.spotify.com/track/60Uio68M57PwKEgZxSutL6,0.474,0.857,5,-2.577,1,0.0571,0.134,0.0,0.113,0.552,155.71
We Go,aespa,"Pokémon 2023 (Original TV Series Soundtrack, Korea)",2rTc5TdRP7hr7gE4h4lUR1,7hxvMTEUOXEKDZ3nnUqbdJ,52,2023-08-23,188532,False,https://open.spotify.com/track/7hxvMTEUOXEKDZ3nnUqbdJ,0.551,0.936,5,-1.726,1,0.146,0.0479,0.0,0.0771,0.458,157.102
By Your Side,9001,"Pokémon 2023 (Original TV Series Soundtrack, Korea)",2rTc5TdRP7hr7gE4h4lUR1,0DULYwlJVbkTTqA8ji6uSR,41,2023-08-23,167000,False,https://open.spotify.com/track/0DULYwlJVbkTTqA8ji6uSR,0.69,0.736,6,-2.669,1,0.03,0.398,0.0,0.221,0.802,97.972
Better Things,aespa,Better Things,1SHLOv0DDdRecK60z86Lth,6zZWoHlF2zNSLUNLvx4GUl,73,2023-08-18,203216,False,https://open.spotify.com/track/6zZWoHlF2zNSLUNLvx4GUl,0.782,0.767,0,-5.383,1,0.0529,0.11,0.00323,0.496,0.548,115.027
DALLA DALLA,ITZY,IT'z Different,7Mxbav9clZ3AVDKThwwgXS,38rUIlTX93Aoif3WcY1wv6,67,2019-02-12,199874,False,https://open.spotify.com/track/38rUIlTX93Aoif3WcY1wv6,0.79,0.853,11,-4.564,0,0.0666,0.00116,4.23e-05,0.329,0.713,125.0
WANT IT?,ITZY,IT'z Different,7Mxbav9clZ3AVDKThwwgXS,24HHXG8VtexJC0hrJe1WJY,44,2019-02-12,200303,False,https://open.spotify.com/track/24HHXG8VtexJC0hrJe1WJY,0.745,0.951,5,-2.425,1,0.0527,0.0428,0.00386,0.203,0.606,127.945
ICY,ITZY,IT'z ICY,5Xb03XAF2LoaMqbM38H9eB,2vdkN2NSQ5mxqNGg7sJUxs,64,2019-07-29,191142,False,https://open.spotify.com/track/2vdkN2NSQ5mxqNGg7sJUxs,0.8,0.904,2,-2.821,1,0.0845,0.0328,3.17e-05,0.182,0.806,124.979
CHERRY,ITZY,IT'z ICY,5Xb03XAF2LoaMqbM38H9eB,0w63dfnXnMUEjHTH3dGcLQ,46,2019-07-29,190372,False,https://open.spotify.com/track/0w63dfnXnMUEjHTH3dGcLQ,0.829,0.559,11,-5.757,0,0.0666,0.011,2.25e-06,0.0561,0.532,94.991
IT'z SUMMER,ITZY,IT'z ICY,5Xb03XAF2LoaMqbM38H9eB,1F3q83uRQ1aO9LmaEUzYox,42,2019-07-29,197898,False,https://open.spotify.com/track/1F3q83uRQ1aO9LmaEUzYox,0.815,0.867,7,-4.203,1,0.0434,0.024,0.000128,0.127,0.646,126.021
WANNABE,ITZY,IT'z ME,7ynKAohxfwPUZzvU8f1p1U,4pspYVQGFHLPEFgQPD1J7e,73,2020-03-09,191242,False,https://open.spotify.com/track/4pspYVQGFHLPEFgQPD1J7e,0.809,0.911,6,-4.41,0,0.0617,0.00795,0.000179,0.181,0.64,122.035
TING TING TING (with Oliver Heldens),"ITZY, Oliver Heldens",IT'z ME,7ynKAohxfwPUZzvU8f1p1U,4RNqQdwEk03s14HLRXJ9aD,44,2020-03-09,219143,False,https://open.spotify.com/track/4RNqQdwEk03s14HLRXJ9aD,0.86,0.845,5,-3.652,0,0.105,0.0228,0.000284,0.324,0.835,123.968
THAT’S A NO NO,ITZY,IT'z ME,7ynKAohxfwPUZzvU8f1p1U,0q1NTsO5b93R97JdQxtFGx,44,2020-03-09,180180,False,https://open.spotify.com/track/0q1NTsO5b93R97JdQxtFGx,0.778,0.924,2,-4.915,1,0.0788,0.0151,1.93e-05,0.183,0.776,120.048
NOBODY LIKE YOU,ITZY,IT'z ME,7ynKAohxfwPUZzvU8f1p1U,4YUqGDMd1yJAa5i2ShysI6,44,2020-03-09,197125,False,https://open.spotify.com/track/4YUqGDMd1yJAa5i2ShysI6,0.693,0.868,7,-5.321,1,0.065,0.0359,0.0,0.193,0.716,90.024
YOU MAKE ME,ITZY,IT'z ME,7ynKAohxfwPUZzvU8f1p1U,3ehpqyAGlcbI6Qx2bbawcx,39,2020-03-09,183164,False,https://open.spotify.com/track/3ehpqyAGlcbI6Qx2bbawcx,0.703,0.723,1,-5.306,0,0.0858,0.0264,0.000227,0.0633,0.606,170.055
I DON’T WANNA DANCE,ITZY,IT'z ME,7ynKAohxfwPUZzvU8f1p1U,4WzPXQ6z0JhJWyc43cAMMX,40,2020-03-09,189813,False,https://open.spotify.com/track/4WzPXQ6z0JhJWyc43cAMMX,0.799,0.885,11,-5.537,0,0.0761,0.0235,0.0201,0.365,0.804,124.023
24HRS,ITZY,IT'z ME,7ynKAohxfwPUZzvU8f1p1U,5aNuBrqbdJ8r9qFZHliWxR,41,2020-03-09,127406,False,https://open.spotify.com/track/5aNuBrqbdJ8r9qFZHliWxR,0.932,0.614,11,-5.967,0,0.208,0.0502,0.0,0.386,0.795,99.994
Not Shy,ITZY,Not Shy,5NN55LKbjzX16a7Uf8u7Os,1ehags7lQMM1qX94VJkoaf,68,2020-08-17,177728,False,https://open.spotify.com/track/1ehags7lQMM1qX94VJkoaf,0.776,0.911,2,-3.08,0,0.131,0.155,2.59e-06,0.268,0.56,101.027
Don’t Give A What,ITZY,Not Shy,5NN55LKbjzX16a7Uf8u7Os,4bjZomvqHkYJ6cIoyOAjrG,41,2020-08-17,196840,False,https://open.spotify.com/track/4bjZomvqHkYJ6cIoyOAjrG,0.735,0.949,11,-2.926,0,0.128,0.112,0.0,0.545,0.779,123.999
Louder,ITZY,Not Shy,5NN55LKbjzX16a7Uf8u7Os,39pv61XfYr9MUwsYkx30aQ,38,2020-08-17,201055,False,https://open.spotify.com/track/39pv61XfYr9MUwsYkx30aQ,0.886,0.936,3,-2.423,0,0.0496,0.173,0.00146,0.0761,0.853,115.986
iD,ITZY,Not Shy,5NN55LKbjzX16a7Uf8u7Os,6jfwYW9fmEAbbRxx42F5Kw,40,2020-08-17,206554,False,https://open.spotify.com/track/6jfwYW9fmEAbbRxx42F5Kw,0.942,0.849,11,-3.133,0,0.177,0.182,0.00753,0.334,0.804,120.012
SURF,ITZY,Not Shy,5NN55LKbjzX16a7Uf8u7Os,5rAjh9qDtJalKfwgxNk2vt,45,2020-08-17,193932,False,https://open.spotify.com/track/5rAjh9qDtJalKfwgxNk2vt,0.843,0.813,9,-3.114,1,0.0475,0.11,0.0,0.0575,0.787,111.977
Be In Love,ITZY,Not Shy,5NN55LKbjzX16a7Uf8u7Os,0FGeJSm4Iix7OdvjvENrwx,44,2020-08-17,200033,False,https://open.spotify.com/track/0FGeJSm4Iix7OdvjvENrwx,0.77,0.711,7,-5.446,1,0.0624,0.0299,7.07e-05,0.0781,0.618,95.023
Not Shy - English Ver.,ITZY,Not Shy (English Ver.),0hoNwSKuuOeT9eAxopgMdm,2p0WmvGmzE3mKr3lc6ZB9g,42,2021-01-22,177743,False,https://open.spotify.com/track/2p0WmvGmzE3mKr3lc6ZB9g,0.766,0.902,2,-2.991,0,0.0681,0.283,2.75e-06,0.156,0.625,100.988
WANNABE - English Ver.,ITZY,Not Shy (English Ver.),0hoNwSKuuOeT9eAxopgMdm,2cnhL9Xb7jlTuUs4taxJSB,44,2021-01-22,191242,False,https://open.spotify.com/track/2cnhL9Xb7jlTuUs4taxJSB,0.822,0.902,6,-4.18,0,0.0587,0.00392,0.000102,0.192,0.69,122.004
ICY - English Ver.,ITZY,Not Shy (English Ver.),0hoNwSKuuOeT9eAxopgMdm,0H76idYK173LwctmFntEdz,37,2021-01-22,191129,False,https://open.spotify.com/track/0H76idYK173LwctmFntEdz,0.82,0.901,9,-2.712,0,0.111,0.0289,1.7e-06,0.215,0.815,124.988
DALLA DALLA - English Ver.,ITZY,Not Shy (English Ver.),0hoNwSKuuOeT9eAxopgMdm,1tQMEpkJ6ayK5w9mtW3Tqv,39,2021-01-22,199874,False,https://open.spotify.com/track/1tQMEpkJ6ayK5w9mtW3Tqv,0.813,0.861,11,-4.601,0,0.0624,0.00102,9.42e-06,0.329,0.696,125.014
Trust Me (MIDZY),ITZY,Trust Me (MIDZY),7EHXDcznIDHxNWTSPBf9Po,4ckfsMiX0wBKwaxIJCXxsJ,45,2021-03-20,221639,False,https://open.spotify.com/track/4ckfsMiX0wBKwaxIJCXxsJ,0.607,0.525,2,-5.853,1,0.0432,0.225,0.0,0.0986,0.369,159.838
Trust Me (MIDZY) - English Ver.,ITZY,Trust Me (MIDZY),7EHXDcznIDHxNWTSPBf9Po,4mxTIuAUcLXpxJ1gCSoteJ,35,2021-03-20,221639,False,https://open.spotify.com/track/4mxTIuAUcLXpxJ1gCSoteJ,0.589,0.552,2,-5.837,1,0.0458,0.2,0.0,0.122,0.379,159.937
In the morning,ITZY,GUESS WHO,4lS8nhX8cplsYPzKjvhw6G,1Wcr8zrKqbUX0zwN8Dbr16,68,2021-04-30,172373,False,https://open.spotify.com/track/1Wcr8zrKqbUX0zwN8Dbr16,0.846,0.814,6,-4.685,0,0.149,0.0823,0.00094,0.13,0.722,140.055
Sorry Not Sorry,ITZY,GUESS WHO,4lS8nhX8cplsYPzKjvhw6G,4BV9bZOeH869aewS9lwTtM,50,2021-04-30,189787,False,https://open.spotify.com/track/4BV9bZOeH869aewS9lwTtM,0.645,0.885,11,-3.105,0,0.0992,0.0984,0.0,0.278,0.656,158.032
KIDDING ME,ITZY,GUESS WHO,4lS8nhX8cplsYPzKjvhw6G,74WtkDIkOXTtEVO4TatDMX,47,2021-04-30,213960,False,https://open.spotify.com/track/74WtkDIkOXTtEVO4TatDMX,0.76,0.77,8,-4.271,1,0.0367,0.215,0.0,0.182,0.415,137.973
Wild Wild West,ITZY,GUESS WHO,4lS8nhX8cplsYPzKjvhw6G,3mRcVmaJlodmb7eensMMfZ,42,2021-04-30,203427,False,https://open.spotify.com/track/3mRcVmaJlodmb7eensMMfZ,0.869,0.865,5,-3.723,0,0.0792,0.0696,4e-06,0.0609,0.713,100.02
SHOOT!,ITZY,GUESS WHO,4lS8nhX8cplsYPzKjvhw6G,2xeaHUnzzT5Kc974OQt1kA,65,2021-04-30,139213,False,https://open.spotify.com/track/2xeaHUnzzT5Kc974OQt1kA,0.852,0.762,6,-4.448,0,0.0487,0.333,1.66e-06,0.159,0.907,131.958
TENNIS (0:0),ITZY,GUESS WHO,4lS8nhX8cplsYPzKjvhw6G,6wSBcV4mjwiVKGJzNrgwha,42,2021-04-30,219453,False,https://open.spotify.com/track/6wSBcV4mjwiVKGJzNrgwha,0.85,0.665,0,-4.12,1,0.0522,0.126,0.0,0.186,0.718,142.026
In the morning - English Ver.,ITZY,In the morning (English Ver.),1VbG3CJlf1cSVDibgiM3GM,0rXBxNaEX9pJSV8U7xYUXr,41,2021-05-14,172373,False,https://open.spotify.com/track/0rXBxNaEX9pJSV8U7xYUXr,0.834,0.786,11,-4.398,0,0.168,0.0672,2.21e-05,0.0701,0.757,140.108
Break Ice,"Second Aunt KimDaVi, ITZY",Break Ice,3OzSEoUPp5sNGtzXftotKm,4iEeJKOE5zjsRbWBGkj9lS,40,2021-07-01,176907,False,https://open.spotify.com/track/4iEeJKOE5zjsRbWBGkj9lS,0.736,0.778,1,-2.554,1,0.03,0.255,0.0,0.113,0.281,96.023
LOCO,ITZY,CRAZY IN LOVE,4U7rGOkJgtxs27H9L93Xli,56Yxkm62GtEpnPyG7TvwLY,72,2021-09-24,191462,False,https://open.spotify.com/track/56Yxkm62GtEpnPyG7TvwLY,0.759,0.886,1,-3.067,1,0.187,0.0103,2.04e-05,0.342,0.489,102.065
SWIPE,ITZY,CRAZY IN LOVE,4U7rGOkJgtxs27H9L93Xli,5o0urLKhjQLIFMoJH5SSrY,60,2021-09-24,177893,False,https://open.spotify.com/track/5o0urLKhjQLIFMoJH5SSrY,0.781,0.757,1,-4.268,1,0.0547,0.00151,0.0,0.19,0.666,96.009
Sooo LUCKY,ITZY,CRAZY IN LOVE,4U7rGOkJgtxs27H9L93Xli,6zqZfHvp3f9r4AF6G7Nhgl,45,2021-09-24,202280,False,https://open.spotify.com/track/6zqZfHvp3f9r4AF6G7Nhgl,0.746,0.857,11,-3.089,1,0.0519,0.0176,0.0,0.0859,0.612,112.974
#Twenty,ITZY,CRAZY IN LOVE,4U7rGOkJgtxs27H9L93Xli,0deWmYkaZHaElUm15oVXkE,54,2021-09-24,174440,False,https://open.spotify.com/track/0deWmYkaZHaElUm15oVXkE,0.956,0.714,1,-5.12,1,0.197,0.0969,0.0,0.069,0.62,128.051
B[OO]M-BOXX,ITZY,CRAZY IN LOVE,4U7rGOkJgtxs27H9L93Xli,2RMQFfyDZEyF6Bm8lCdEYu,43,2021-09-24,193733,False,https://open.spotify.com/track/2RMQFfyDZEyF6Bm8lCdEYu,0.863,0.934,9,-1.643,0,0.0577,0.0733,4.46e-06,0.0868,0.744,124.946
Gas Me Up,ITZY,CRAZY IN LOVE,4U7rGOkJgtxs27H9L93Xli,3RCMSJIlIZkvJP4LFGtOtu,42,2021-09-24,149453,False,https://open.spotify.com/track/3RCMSJIlIZkvJP4LFGtOtu,0.727,0.874,0,-2.629,1,0.286,0.00958,0.0,0.141,0.33,177.17
LOVE is,ITZY,CRAZY IN LOVE,4U7rGOkJgtxs27H9L93Xli,3ppdTc5q8S2Mn8FpD97CTQ,46,2021-09-24,207160,False,https://open.spotify.com/track/3ppdTc5q8S2Mn8FpD97CTQ,0.706,0.84,11,-2.728,1,0.108,0.05,0.0,0.0743,0.636,154.034
Chillin' Chillin',ITZY,CRAZY IN LOVE,4U7rGOkJgtxs27H9L93Xli,6g5nc2mO1KFqd2XbneHshB,45,2021-09-24,206600,False,https://open.spotify.com/track/6g5nc2mO1KFqd2XbneHshB,0.584,0.897,9,-2.795,1,0.108,0.0283,0.0,0.0687,0.701,170.001
Mirror,ITZY,CRAZY IN LOVE,4U7rGOkJgtxs27H9L93Xli,7hwBAcUNcMFqNL2ZdyUexn,44,2021-09-24,258680,False,https://open.spotify.com/track/7hwBAcUNcMFqNL2ZdyUexn,0.489,0.832,4,-3.212,1,0.119,0.0721,0.0,0.19,0.162,159.319
LOCO - English Ver.,ITZY,CRAZY IN LOVE,4U7rGOkJgtxs27H9L93Xli,0QPYsEvaoEJzZLSF5Cq390,49,2021-09-24,191462,False,https://open.spotify.com/track/0QPYsEvaoEJzZLSF5Cq390,0.736,0.867,1,-3.051,1,0.216,0.00781,1.63e-05,0.351,0.534,101.957
WANNABE - Japanese ver.,ITZY,WANNABE (Japanese ver.),6ZmevJEKLGFFddTBwory5Q,1F6lnQwfiEzq7ikNnODitc,51,2021-11-01,191242,False,https://open.spotify.com/track/1F6lnQwfiEzq7ikNnODitc,0.818,0.888,6,-4.227,0,0.0717,0.00955,0.000396,0.178,0.659,122.041
SNEAKERS,ITZY,CHECKMATE,64EGnoCD5NuC41OqQ3E7UK,2WoluqyWzsgRmFCeHeGlnm,65,2022-07-15,179453,False,https://open.spotify.com/track/2WoluqyWzsgRmFCeHeGlnm,0.935,0.849,7,-3.047,1,0.0779,0.0192,0.0,0.0223,0.551,119.986
RACER,ITZY,CHECKMATE,64EGnoCD5NuC41OqQ3E7UK,5v15IF9D4nKZbto4US7Ar1,47,2022-07-15,192893,False,https://open.spotify.com/track/5v15IF9D4nKZbto4US7Ar1,0.619,0.806,8,-1.276,1,0.101,0.0373,8.51e-06,0.362,0.619,171.975
WHAT I WANT,ITZY,CHECKMATE,64EGnoCD5NuC41OqQ3E7UK,28E5sYRuv2gpZPEdNAwMkE,46,2022-07-15,143067,False,https://open.spotify.com/track/28E5sYRuv2gpZPEdNAwMkE,0.865,0.926,4,-2.28,0,0.0659,0.0541,0.0,0.366,0.541,124.034
Free Fall,ITZY,CHECKMATE,64EGnoCD5NuC41OqQ3E7UK,3bW8vRr2qQwtmz46OEPZKk,44,2022-07-15,179227,False,https://open.spotify.com/track/3bW8vRr2qQwtmz46OEPZKk,0.623,0.95,0,-2.408,1,0.376,0.053,1.07e-06,0.133,0.486,177.092
365,ITZY,CHECKMATE,64EGnoCD5NuC41OqQ3E7UK,5J0fF2lLWE6KJMzICG8OHt,43,2022-07-15,185427,False,https://open.spotify.com/track/5J0fF2lLWE6KJMzICG8OHt,0.818,0.725,9,-2.828,1,0.16,0.0313,0.0,0.345,0.333,145.04
DOMINO,ITZY,CHECKMATE,64EGnoCD5NuC41OqQ3E7UK,2Yi1F6c06h8HY5ZIvNRogo,45,2022-07-15,186293,False,https://open.spotify.com/track/2Yi1F6c06h8HY5ZIvNRogo,0.709,0.755,4,-2.801,1,0.0675,0.055,0.0,0.0831,0.511,141.905
SNEAKERS (English Ver.),ITZY,CHECKMATE,64EGnoCD5NuC41OqQ3E7UK,4DM60RC0fVoHbVRtl4Fjdp,42,2022-07-15,179453,False,https://open.spotify.com/track/4DM60RC0fVoHbVRtl4Fjdp,0.92,0.851,7,-3.318,1,0.0588,0.0188,4.61e-06,0.0242,0.608,119.971
Boys Like You,ITZY,Boys Like You,1KYgerdWcEqB7KbppYtdXU,34y2pV3RGFiCHSP12bNHVk,58,2022-10-21,223373,False,https://open.spotify.com/track/34y2pV3RGFiCHSP12bNHVk,0.836,0.903,2,-4.249,1,0.105,0.0318,0.0,0.0688,0.882,128.009
Cheshire,ITZY,CHESHIRE,2a1ezg7hE6Dyuymv1aCnkm,7ixVW7RobslvMrvlzHYLha,69,2022-11-30,182453,False,https://open.spotify.com/track/7ixVW7RobslvMrvlzHYLha,0.79,0.838,7,-3.183,1,0.0501,0.332,7.07e-06,0.357,0.738,98.966
Snowy,ITZY,CHESHIRE,2a1ezg7hE6Dyuymv1aCnkm,1i0NAz5emJMbRWSkADMsL7,54,2022-11-30,173560,False,https://open.spotify.com/track/1i0NAz5emJMbRWSkADMsL7,0.766,0.827,11,-2.851,0,0.0384,0.115,0.0,0.29,0.813,132.945
Freaky,ITZY,CHESHIRE,2a1ezg7hE6Dyuymv1aCnkm,6VgVT2ZxtssMdzrbfW1R0d,46,2022-11-30,175147,False,https://open.spotify.com/track/6VgVT2ZxtssMdzrbfW1R0d,0.832,0.684,3,-4.358,1,0.118,0.358,0.0,0.193,0.688,95.022
Boys Like You,ITZY,CHESHIRE,2a1ezg7hE6Dyuymv1aCnkm,1V3EKDf81bitSEQTYjOJzZ,43,2022-11-30,223387,False,https://open.spotify.com/track/1V3EKDf81bitSEQTYjOJzZ,0.834,0.89,2,-4.359,1,0.117,0.0296,0.0,0.0597,0.874,127.994
BET ON ME,ITZY,KILL MY DOUBT,6P01cKb7sdwfnNpuMLNEik,5BCPIye83pj24VjCzQuL5F,59,2023-07-31,199107,False,https://open.spotify.com/track/5BCPIye83pj24VjCzQuL5F,0.917,0.83,8,-2.027,1,0.159,0.0215,0.0,0.196,0.65,138.048
CAKE,ITZY,KILL MY DOUBT,6P01cKb7sdwfnNpuMLNEik,3syxwxJqX5jpgjNYmvzdW6,75,2023-07-31,198887,False,https://open.spotify.com/track/3syxwxJqX5jpgjNYmvzdW6,0.801,0.758,7,-4.31,1,0.0445,0.0663,4.1e-06,0.0431,0.576,103.07
None of My Business,ITZY,KILL MY DOUBT,6P01cKb7sdwfnNpuMLNEik,6iYfUvWNdKulAgX2TOhk5u,61,2023-07-31,202160,False,https://open.spotify.com/track/6iYfUvWNdKulAgX2TOhk5u,0.769,0.781,0,-3.557,1,0.0823,0.539,0.0,0.445,0.6,97.99
Bratty,ITZY,KILL MY DOUBT,6P01cKb7sdwfnNpuMLNEik,5Z0gyPr6idyscwLribVpFH,51,2023-07-31,162840,False,https://open.spotify.com/track/5Z0gyPr6idyscwLribVpFH,0.859,0.83,2,-1.49,1,0.0438,0.128,0.0,0.124,0.854,99.963
Psychic Lover,ITZY,KILL MY DOUBT,6P01cKb7sdwfnNpuMLNEik,5Xik9Cid9UnaLMOyaDYO8F,56,2023-07-31,164453,False,https://open.spotify.com/track/5Xik9Cid9UnaLMOyaDYO8F,0.64,0.845,11,-3.079,0,0.225,0.231,0.0,0.0601,0.606,173.94
Kill Shot,ITZY,KILL MY DOUBT,6P01cKb7sdwfnNpuMLNEik,3i7Z0CI7QIwnU4MVL0XJB9,60,2023-07-31,136867,False,https://open.spotify.com/track/3i7Z0CI7QIwnU4MVL0XJB9,0.719,0.79,1,-4.781,0,0.113,0.136,2.2e-06,0.169,0.81,100.106
Trust Me (MIDZY) - Japanese ver.,ITZY,Trust Me (MIDZY) [Japanese ver.],60NlQsbRpTiScK1lrslOUf,0wVLk4dLdgNwrIy1yhghFy,41,2023-08-30,221639,False,https://open.spotify.com/track/0wVLk4dLdgNwrIy1yhghFy,0.618,0.512,2,-5.828,1,0.0391,0.288,0.0,0.168,0.306,159.893
Blah Blah Blah,ITZY,Blah Blah Blah,3xDuIhFckdZPrS38dSr5Cl,3ALt4WplxeikQsVAR8rW4w,40,2022-10-05,186573,False,https://open.spotify.com/track/3ALt4WplxeikQsVAR8rW4w,0.842,0.899,3,-4.169,0,0.192,0.0238,0.0,0.345,0.881,115.961
Can't tie me down,ITZY,Blah Blah Blah,3xDuIhFckdZPrS38dSr5Cl,0dUmImUrt3AnbItexrt6wi,36,2022-10-05,185200,False,https://open.spotify.com/track/0dUmImUrt3AnbItexrt6wi,0.762,0.725,11,-4.232,0,0.0857,0.00584,0.0,0.0676,0.618,144.989
DALLA DALLA - Japanese ver.,ITZY,IT'z ITZY (Japanese ver.),1VvOaePbpheLTFGUlOb2yE,0OvHs9ccBYfv0447jwWTxr,37,2021-12-22,199904,False,https://open.spotify.com/track/0OvHs9ccBYfv0447jwWTxr,0.797,0.852,11,-4.313,0,0.0717,0.00124,0.000167,0.329,0.784,125.012
ICY - Japanese ver.,ITZY,IT'z ITZY (Japanese ver.),1VvOaePbpheLTFGUlOb2yE,67wtPyGqfHR548kN1LZrjg,35,2021-12-22,191129,False,https://open.spotify.com/track/67wtPyGqfHR548kN1LZrjg,0.796,0.91,2,-2.822,1,0.0928,0.0297,6.27e-05,0.155,0.806,124.993
WANNABE - Japanese ver.,ITZY,IT'z ITZY (Japanese ver.),1VvOaePbpheLTFGUlOb2yE,3fCRL3dDIapKnahoRXoSPg,35,2021-12-22,191242,False,https://open.spotify.com/track/3fCRL3dDIapKnahoRXoSPg,0.818,0.888,6,-4.227,0,0.0717,0.00955,0.000396,0.178,0.659,122.041
Not Shy - Japanese ver.,ITZY,IT'z ITZY (Japanese ver.),1VvOaePbpheLTFGUlOb2yE,0odXyiHUGaXGewarou0KV6,34,2021-12-22,177743,False,https://open.spotify.com/track/0odXyiHUGaXGewarou0KV6,0.81,0.903,2,-2.945,0,0.132,0.151,0.0,0.243,0.547,101.0
In the morning - Japanese ver.,ITZY,IT'z ITZY (Japanese ver.),1VvOaePbpheLTFGUlOb2yE,1wcd1uC0CCZnMv2q8DqVgB,34,2021-12-22,172373,False,https://open.spotify.com/track/1wcd1uC0CCZnMv2q8DqVgB,0.847,0.818,6,-4.856,0,0.169,0.0676,0.000105,0.0892,0.756,140.053
LOCO - Japanese ver.,ITZY,IT'z ITZY (Japanese ver.),1VvOaePbpheLTFGUlOb2yE,1QiweW5dV0ydwbQmDogAvq,31,2021-12-22,191648,False,https://open.spotify.com/track/1QiweW5dV0ydwbQmDogAvq,0.786,0.855,1,-3.866,1,0.2,0.0146,0.000349,0.354,0.62,101.992
Voltage,ITZY,Voltage,6BhKPFeQDaBldGMl1vd28h,4EU1zmA8pFzPAjhzZz9xOT,40,2022-04-06,221360,False,https://open.spotify.com/track/4EU1zmA8pFzPAjhzZz9xOT,0.753,0.893,5,-2.781,0,0.0694,0.0428,0.0,0.108,0.386,107.003
Spice,ITZY,Voltage,6BhKPFeQDaBldGMl1vd28h,4mFwA8AtXjuriVlQiRyeWr,44,2022-04-06,191640,False,https://open.spotify.com/track/4mFwA8AtXjuriVlQiRyeWr,0.768,0.818,9,-2.756,1,0.0381,0.136,6.22e-05,0.0876,0.792,143.033
I WANT,IVE,I WANT,1BxRutqDtvMJfiovw76gxe,1Xnha5ko8j7yY8O3ATe0Vs,64,2023-07-13,180627,False,https://open.spotify.com/track/1Xnha5ko8j7yY8O3ATe0Vs,0.793,0.768,1,-1.909,1,0.0499,0.0328,0.0,0.121,0.802,129.944
WAVE,IVE,WAVE,5GsSoccwm4oOWG2l50yM8B,4KbAeP4MzcufUQUPjqTFyJ,47,2023-05-31,175893,False,https://open.spotify.com/track/4KbAeP4MzcufUQUPjqTFyJ,0.805,0.765,7,-4.303,1,0.0512,0.0139,1.12e-06,0.257,0.782,118.99
Classic,IVE,WAVE,5GsSoccwm4oOWG2l50yM8B,6jSnUhuqsXWsmlTxvRDzl3,47,2023-05-31,212427,False,https://open.spotify.com/track/6jSnUhuqsXWsmlTxvRDzl3,0.792,0.603,0,-6.207,1,0.0662,0.217,1.86e-05,0.216,0.421,115.027
After LIKE -Japanese version-,IVE,WAVE,5GsSoccwm4oOWG2l50yM8B,1OflugF4ODm5SSO1s0rlAj,45,2023-05-31,178053,False,https://open.spotify.com/track/1OflugF4ODm5SSO1s0rlAj,0.718,0.89,0,-2.03,1,0.0949,0.084,0.0,0.122,0.765,125.125
LOVE DIVE -Japanese version-,IVE,WAVE,5GsSoccwm4oOWG2l50yM8B,5EdURFBfQy2qAPaaaBvyKo,37,2023-05-31,177653,False,https://open.spotify.com/track/5EdURFBfQy2qAPaaaBvyKo,0.694,0.708,1,-4.194,0,0.0441,0.00157,0.000107,0.293,0.505,118.037
Take It -Japanese version-,IVE,WAVE,5GsSoccwm4oOWG2l50yM8B,7MxP3JPxVxuzIbAqi3WVst,39,2023-05-31,205493,False,https://open.spotify.com/track/7MxP3JPxVxuzIbAqi3WVst,0.776,0.916,9,-3.168,0,0.0602,0.0538,0.0,0.0131,0.958,150.024
Blue Blood,IVE,I've IVE,38VzP4yWfHdHafITKKRHEB,2avdbiswb0d5AFmyyz68xP,62,2023-04-10,167547,False,https://open.spotify.com/track/2avdbiswb0d5AFmyyz68xP,0.711,0.709,1,-5.923,0,0.0374,0.0041,9.91e-05,0.0843,0.695,98.949
I AM,IVE,I've IVE,38VzP4yWfHdHafITKKRHEB,70t7Q6AYG6ZgTYmJWcnkUM,80,2023-04-10,183853,False,https://open.spotify.com/track/70t7Q6AYG6ZgTYmJWcnkUM,0.683,0.875,4,-4.866,0,0.0549,0.0115,0.0,0.084,0.384,122.002
Kitsch,IVE,I've IVE,38VzP4yWfHdHafITKKRHEB,7foeH2Emgq8A3LWk3q6dat,72,2023-04-10,195440,False,https://open.spotify.com/track/7foeH2Emgq8A3LWk3q6dat,0.8,0.792,11,-4.953,1,0.0529,0.0119,1.11e-06,0.0495,0.455,102.0
Lips,IVE,I've IVE,38VzP4yWfHdHafITKKRHEB,0dRSOmb7pqkkmjXCu5BYbe,61,2023-04-10,181400,False,https://open.spotify.com/track/0dRSOmb7pqkkmjXCu5BYbe,0.785,0.779,7,-3.822,1,0.0324,0.0555,0.0,0.155,0.881,135.964
Heroine,IVE,I've IVE,38VzP4yWfHdHafITKKRHEB,171vXOYrexGMVNEMA5rs00,55,2023-04-10,171467,False,https://open.spotify.com/track/171vXOYrexGMVNEMA5rs00,0.834,0.68,8,-6.444,1,0.0683,0.0748,7.64e-06,0.163,0.873,146.018
Mine,IVE,I've IVE,38VzP4yWfHdHafITKKRHEB,2wsRZURBbDbaQUuVT9piu1,57,2023-04-10,190427,False,https://open.spotify.com/track/2wsRZURBbDbaQUuVT9piu1,0.547,0.677,4,-5.663,1,0.42,0.0224,0.0,0.123,0.571,128.711
섬찟 (Hypnosis),IVE,I've IVE,38VzP4yWfHdHafITKKRHEB,1tzeAVyGwvoHcVzDit0UeT,59,2023-04-10,146893,False,https://open.spotify.com/track/1tzeAVyGwvoHcVzDit0UeT,0.649,0.718,8,-5.391,1,0.127,0.237,0.0,0.0592,0.46,164.918
NOT YOUR GIRL,IVE,I've IVE,38VzP4yWfHdHafITKKRHEB,05aq7OhxdoLiUKOigmiqcj,56,2023-04-10,202107,False,https://open.spotify.com/track/05aq7OhxdoLiUKOigmiqcj,0.743,0.949,7,-2.358,1,0.0725,0.133,2.87e-06,0.267,0.848,119.998
궁금해 (Next Page),IVE,I've IVE,38VzP4yWfHdHafITKKRHEB,5vYsQareJoW2jRJjiTFo6K,55,2023-04-10,199227,False,https://open.spotify.com/track/5vYsQareJoW2jRJjiTFo6K,0.792,0.755,7,-4.312,1,0.0461,0.124,0.0,0.0807,0.544,123.029
Cherish,IVE,I've IVE,38VzP4yWfHdHafITKKRHEB,3cw6T3OEgqLiqEDLDQPSnE,57,2023-04-10,194680,False,https://open.spotify.com/track/3cw6T3OEgqLiqEDLDQPSnE,0.853,0.654,5,-5.312,1,0.0669,0.306,4.71e-06,0.11,0.868,112.997
Shine With Me,IVE,I've IVE,38VzP4yWfHdHafITKKRHEB,3L7pilDxJhZz1fP6t4D9P9,55,2023-04-10,224747,False,https://open.spotify.com/track/3L7pilDxJhZz1fP6t4D9P9,0.485,0.556,7,-5.33,1,0.0308,0.0122,0.0,0.368,0.138,139.857
LOVE DIVE -Japanese version-,IVE,LOVE DIVE -Japanese version-,3f8XSIlawxdk1oGTXUbIuX,5P6ePcSpO8v4AHUgZkS3uz,55,2023-01-16,177200,False,https://open.spotify.com/track/5P6ePcSpO8v4AHUgZkS3uz,0.694,0.713,1,-4.208,0,0.0445,0.00172,6.99e-05,0.319,0.512,118.026
ELEVEN -Japanese version-,IVE,ELEVEN -Japanese version-,3T3STfBHgL2LRv4CGlJTAN,3bXYYgpCaYZBud2fB3I4ex,49,2022-10-19,180093,False,https://open.spotify.com/track/3bXYYgpCaYZBud2fB3I4ex,0.822,0.748,9,-3.144,1,0.0852,0.0686,4.13e-06,0.055,0.477,119.886
Queen of Hearts,IVE,ELEVEN -Japanese version-,3T3STfBHgL2LRv4CGlJTAN,4tG2c8LP7J0EsfQ8gKLm7q,50,2022-10-19,145320,False,https://open.spotify.com/track/4tG2c8LP7J0EsfQ8gKLm7q,0.772,0.737,10,-3.62,0,0.0942,0.0141,3.2e-05,0.127,0.752,134.977
After LIKE,IVE,After LIKE,0nzRF7khA2UDSZa9T0B6Da,2gYj9lubBorOPIVWsTXugG,78,2022-08-22,176973,False,https://open.spotify.com/track/2gYj9lubBorOPIVWsTXugG,0.68,0.922,0,-1.215,1,0.121,0.103,0.0,0.0877,0.799,125.014
My Satisfaction,IVE,After LIKE,0nzRF7khA2UDSZa9T0B6Da,3Owz3vrIE44Hvt0sLsfwHI,60,2022-08-22,193000,False,https://open.spotify.com/track/3Owz3vrIE44Hvt0sLsfwHI,0.5,0.923,11,-2.592,0,0.392,0.141,0.0,0.0938,0.362,136.995
LOVE DIVE,IVE,LOVE DIVE,1AFVTHHm7kKoQ6Rgb25x3p,0Q5VnK2DYzRyfqQRJuUtvi,77,2022-04-05,177187,False,https://open.spotify.com/track/0Q5VnK2DYzRyfqQRJuUtvi,0.703,0.709,1,-4.169,0,0.0433,0.00379,5.43e-05,0.333,0.538,117.941
ROYAL,IVE,LOVE DIVE,1AFVTHHm7kKoQ6Rgb25x3p,0LMdtBOxbVgrYoA4n0Vwvv,60,2022-04-05,206227,False,https://open.spotify.com/track/0LMdtBOxbVgrYoA4n0Vwvv,0.796,0.85,1,-2.987,1,0.102,0.0905,3.39e-06,0.205,0.47,109.922
ELEVEN,IVE,ELEVEN,1XMYvsHRt52sMi6wittWqI,7n2FZQsaLb7ZRfRPfEeIvr,74,2021-12-01,178453,False,https://open.spotify.com/track/7n2FZQsaLb7ZRfRPfEeIvr,0.828,0.731,9,-3.033,1,0.111,0.0617,0.0,0.048,0.587,119.978
Take It,IVE,ELEVEN,1XMYvsHRt52sMi6wittWqI,70EfheCNy3zOrcT2meMQ1g,56,2021-12-01,204973,False,https://open.spotify.com/track/70EfheCNy3zOrcT2meMQ1g,0.802,0.934,9,-3.216,0,0.0604,0.0609,0.0,0.0158,0.941,150.036
SO BAD,STAYC,Star To A Young Culture,4PrRd0lIunUEiiE5rbZklR,13KR2yNRDrbKwR3dOKCDl4,61,2020-11-12,212265,False,https://open.spotify.com/track/13KR2yNRDrbKwR3dOKCDl4,0.557,0.906,7,-3.109,0,0.103,0.19,0.0,0.0616,0.616,168.978
LIKE THIS,STAYC,Star To A Young Culture,4PrRd0lIunUEiiE5rbZklR,1RdDIsdbpioXZzadE5MLOG,45,2020-11-12,186035,False,https://open.spotify.com/track/1RdDIsdbpioXZzadE5MLOG,0.584,0.757,4,-3.43,0,0.0596,0.0571,6.2e-06,0.0889,0.468,155.919
ASAP,STAYC,STAYDOM,71hjsg660uio3Z8bnbB6fS,5BXr7hYZQOeRttkeWYTq5S,67,2021-04-08,194080,False,https://open.spotify.com/track/5BXr7hYZQOeRttkeWYTq5S,0.764,0.802,0,-4.217,1,0.0351,0.102,0.0,0.189,0.323,132.02
SO WHAT,STAYC,STAYDOM,71hjsg660uio3Z8bnbB6fS,6hC2Qn11Fzw4Ufi4XH6z2m,46,2021-04-08,178853,False,https://open.spotify.com/track/6hC2Qn11Fzw4Ufi4XH6z2m,0.743,0.755,9,-4.591,1,0.0355,0.172,0.0,0.0693,0.634,100.092
LOVE FOOL,STAYC,STAYDOM,71hjsg660uio3Z8bnbB6fS,2OhOkew9BkkLTGBG9cFOz5,49,2021-04-08,218240,False,https://open.spotify.com/track/2OhOkew9BkkLTGBG9cFOz5,0.681,0.596,6,-5.538,1,0.0281,0.231,0.0,0.0551,0.546,119.998
STEREOTYPE,STAYC,STEREOTYPE,7HGjNJBj1NQGNwCzFD2LHj,2bZIDMpzVooosmPHn0tHnd,66,2021-09-06,191696,False,https://open.spotify.com/track/2bZIDMpzVooosmPHn0tHnd,0.605,0.805,6,-3.212,1,0.0641,0.313,0.0,0.659,0.738,148.298
I’ll BE THERE,STAYC,STEREOTYPE,7HGjNJBj1NQGNwCzFD2LHj,1aWnOcf3GE7xuu4rubVPYL,47,2021-09-06,189481,False,https://open.spotify.com/track/1aWnOcf3GE7xuu4rubVPYL,0.511,0.608,10,-3.585,1,0.0561,0.572,0.0,0.117,0.475,185.657
SLOW DOWN,STAYC,STEREOTYPE,7HGjNJBj1NQGNwCzFD2LHj,4SiwxGPQzlG2r4zatpEzLc,47,2021-09-06,190605,False,https://open.spotify.com/track/4SiwxGPQzlG2r4zatpEzLc,0.79,0.936,4,-4.251,1,0.0852,0.13,0.0,0.363,0.71,118.01
COMPLEX,STAYC,STEREOTYPE,7HGjNJBj1NQGNwCzFD2LHj,1JWtIj2hmFjGucIlC7zfAe,44,2021-09-06,186122,False,https://open.spotify.com/track/1JWtIj2hmFjGucIlC7zfAe,0.736,0.63,0,-5.228,1,0.0592,0.385,0.0,0.141,0.41,94.996
RUN2U,STAYC,YOUNG-LUV.COM,2xPdgNkM4yIQmP7axJ1T1o,3gFcGnU4kTdMYLXDjH1TK8,65,2022-02-21,213427,False,https://open.spotify.com/track/3gFcGnU4kTdMYLXDjH1TK8,0.722,0.676,11,-5.885,0,0.0829,0.000835,1.2e-05,0.321,0.362,129.943
SAME SAME,STAYC,YOUNG-LUV.COM,2xPdgNkM4yIQmP7axJ1T1o,5mr1d04qe0s5ux5fQQcH2p,51,2022-02-21,181467,False,https://open.spotify.com/track/5mr1d04qe0s5ux5fQQcH2p,0.734,0.586,1,-7.135,1,0.143,0.0938,0.0,0.281,0.606,76.011
247,STAYC,YOUNG-LUV.COM,2xPdgNkM4yIQmP7axJ1T1o,51XWwKV6VHCuFftFQLp4iA,50,2022-02-21,190613,False,https://open.spotify.com/track/51XWwKV6VHCuFftFQLp4iA,0.687,0.727,6,-6.242,1,0.195,0.127,0.0,0.169,0.769,92.045
YOUNG LUV,STAYC,YOUNG-LUV.COM,2xPdgNkM4yIQmP7axJ1T1o,7HGKvoju3ucB7UqVt1GoJu,58,2022-02-21,206080,False,https://open.spotify.com/track/7HGKvoju3ucB7UqVt1GoJu,0.695,0.749,7,-4.187,0,0.0277,0.392,5.23e-05,0.104,0.458,129.905
BUTTERFLY,STAYC,YOUNG-LUV.COM,2xPdgNkM4yIQmP7axJ1T1o,1q97NRLZfQlXYvZJAQ7tln,50,2022-02-21,207227,False,https://open.spotify.com/track/1q97NRLZfQlXYvZJAQ7tln,0.567,0.563,3,-6.303,0,0.0362,0.156,1.58e-06,0.119,0.494,179.851
I WANT U BABY,STAYC,YOUNG-LUV.COM,2xPdgNkM4yIQmP7axJ1T1o,4wqvBkHI3a75Fmlirlq3uD,47,2022-02-21,173733,False,https://open.spotify.com/track/4wqvBkHI3a75Fmlirlq3uD,0.738,0.598,7,-6.186,0,0.0597,0.383,0.0,0.139,0.426,135.864
STAR,STAYC,"Our Blues, Pt. 8 (Original Television Soundtrack)",7HGYMEqDL4pBarAVmpQDho,0DZ2mMWPkgDwWBnH6gtsQW,41,2022-05-15,257473,False,https://open.spotify.com/track/0DZ2mMWPkgDwWBnH6gtsQW,0.539,0.44,2,-6.96,1,0.0402,0.647,0.0,0.107,0.478,183.83
BEAUTIFUL MONSTER,STAYC,WE NEED LOVE,04EniWu488MF6louRYafKJ,56s2s5e8WuBsWVKnmz6J9L,60,2022-07-19,180001,False,https://open.spotify.com/track/56s2s5e8WuBsWVKnmz6J9L,0.594,0.647,6,-4.347,1,0.0834,0.121,0.0,0.352,0.511,82.321
I LIKE IT,STAYC,WE NEED LOVE,04EniWu488MF6louRYafKJ,4o84FbQ0YB6F3AWfxTGRHG,43,2022-07-19,158273,False,https://open.spotify.com/track/4o84FbQ0YB6F3AWfxTGRHG,0.762,0.605,2,-5.334,1,0.0329,0.365,0.0,0.32,0.835,99.951
LOVE,STAYC,WE NEED LOVE,04EniWu488MF6louRYafKJ,30VA0uReR9jKiFU7ddriN6,45,2022-07-19,186208,False,https://open.spotify.com/track/30VA0uReR9jKiFU7ddriN6,0.78,0.767,8,-4.979,1,0.0313,0.313,8.95e-05,0.124,0.449,105.01
POPPY - Japanese Ver.,STAYC,POPPY (Japanese Ver.),7GAgQKzoFrEo0ijpW88se8,7aQOA3ggmKpjleEtabVYbI,41,2022-11-23,179867,False,https://open.spotify.com/track/7aQOA3ggmKpjleEtabVYbI,0.819,0.709,4,-5.351,0,0.0382,0.314,0.0,0.13,0.638,126.001
ASAP - Japanese Ver.,STAYC,POPPY (Japanese Ver.),7GAgQKzoFrEo0ijpW88se8,3Wt0F41P9eevGDvBSIIqhE,32,2022-11-23,194613,False,https://open.spotify.com/track/3Wt0F41P9eevGDvBSIIqhE,0.75,0.762,0,-5.436,1,0.0321,0.119,0.0,0.176,0.314,131.997
Teddy Bear,STAYC,Teddy Bear,325MEzmbNCQvjsP3oaJh4x,4kSDi21MeOoSvpZs6MveI9,64,2023-02-14,189773,False,https://open.spotify.com/track/4kSDi21MeOoSvpZs6MveI9,0.757,0.91,7,-3.953,1,0.0524,0.105,0.0,0.387,0.686,119.04
Poppy (Korean Ver.),STAYC,Teddy Bear,325MEzmbNCQvjsP3oaJh4x,7KqISJoXbapng18bmmG0oa,44,2023-02-14,178293,False,https://open.spotify.com/track/7KqISJoXbapng18bmmG0oa,0.808,0.786,4,-3.842,0,0.0375,0.139,0.0,0.266,0.821,126.047
Teddy Bear - Japanese Ver.,STAYC,Teddy Bear (Japanese Ver.),5bAsWS1V3sJyZvDPXMSTUC,1YLb3ORC4AEegaFJvD944o,36,2023-04-05,189773,False,https://open.spotify.com/track/1YLb3ORC4AEegaFJvD944o,0.77,0.93,7,-3.754,1,0.0586,0.126,0.0,0.363,0.709,119.047
Stereotype - Japanese Ver.,STAYC,Teddy Bear (Japanese Ver.),5bAsWS1V3sJyZvDPXMSTUC,48DTW44emTEbPJPvrIav94,33,2023-04-05,191440,False,https://open.spotify.com/track/48DTW44emTEbPJPvrIav94,0.668,0.739,6,-4.471,1,0.0518,0.191,0.0,0.259,0.786,148.145
Bubble,STAYC,TEENFRESH,4P5wnRQTBnnjNbjt7A6S6x,4P5ozkI1bxiGxA5rZ27jlO,66,2023-08-16,179276,False,https://open.spotify.com/track/4P5ozkI1bxiGxA5rZ27jlO,0.768,0.765,9,-3.487,1,0.0602,0.0299,0.0,0.0695,0.717,131.985
﻿Not Like You,STAYC,TEENFRESH,4P5wnRQTBnnjNbjt7A6S6x,1HnJhU3MhAnRQzdkFm6xQr,48,2023-08-16,169418,False,https://open.spotify.com/track/1HnJhU3MhAnRQzdkFm6xQr,0.561,0.613,1,-5.057,1,0.0474,0.0786,1.37e-05,0.283,0.819,97.799
﻿I Wanna Do,STAYC,TEENFRESH,4P5wnRQTBnnjNbjt7A6S6x,4o5kutixgRy60bljwP4zyr,48,2023-08-16,174204,False,https://open.spotify.com/track/4o5kutixgRy60bljwP4zyr,0.716,0.765,8,-3.816,1,0.0764,0.271,0.0,0.202,0.677,139.934
﻿Be Mine,STAYC,TEENFRESH,4P5wnRQTBnnjNbjt7A6S6x,3g4jq4wctEo0fVaTDKjk3Q,47,2023-08-16,165789,False,https://open.spotify.com/track/3g4jq4wctEo0fVaTDKjk3Q,0.703,0.819,4,-4.853,1,0.157,0.184,0.0,0.107,0.767,170.001
﻿Bubble (English Ver.),STAYC,TEENFRESH,4P5wnRQTBnnjNbjt7A6S6x,3bcqk74mnFzQF2bfOMG7iK,45,2023-08-16,179253,False,https://open.spotify.com/track/3bcqk74mnFzQF2bfOMG7iK,0.773,0.768,9,-3.441,1,0.0656,0.0272,0.0,0.0437,0.762,131.984
Barbie Dreams (feat. Kaliii) [From Barbie The Album],"FIFTY FIFTY, Kaliii",Barbie Dreams (feat. Kaliii) [From Barbie The Album],5x9fQvlmhZqWoifJs9dVVL,7njDhlprmHJ1I9pM0rxMON,65,2023-07-06,149438,False,https://open.spotify.com/track/7njDhlprmHJ1I9pM0rxMON,0.72,0.794,6,-2.644,1,0.0862,0.378,0.0,0.122,0.856,138.089
Cupid,FIFTY FIFTY,The Beginning: Cupid,5letLUZIFsQikJYShfGNs4,5mg3VB3Qh7jcR5kAAC4DSV,70,2023-02-24,174253,False,https://open.spotify.com/track/5mg3VB3Qh7jcR5kAAC4DSV,0.774,0.66,2,-8.2,1,0.0328,0.662,0.0,0.4,0.961,120.023
Cupid - Twin Ver.,FIFTY FIFTY,The Beginning: Cupid,5letLUZIFsQikJYShfGNs4,7FbrGaHYVDmfr7KoLIZnQ7,82,2023-02-24,174253,False,https://open.spotify.com/track/7FbrGaHYVDmfr7KoLIZnQ7,0.783,0.592,11,-8.332,0,0.0331,0.435,4.15e-06,0.347,0.726,120.018
Tell Me,FIFTY FIFTY,THE FIFTY,3EDWNnbmr36DRQOkyoLQRS,1UglC0beXmI87ubdZgTXbr,60,2022-11-18,217947,False,https://open.spotify.com/track/1UglC0beXmI87ubdZgTXbr,0.706,0.843,1,-4.277,0,0.0582,0.27,0.0,0.132,0.815,111.945
Lovin' Me,FIFTY FIFTY,THE FIFTY,3EDWNnbmr36DRQOkyoLQRS,0V8fsKaS2pdhTkDfJKBCTY,54,2022-11-18,189533,False,https://open.spotify.com/track/0V8fsKaS2pdhTkDfJKBCTY,0.62,0.599,8,-6.77,1,0.321,0.699,3.23e-05,0.103,0.618,170.936
Higher,FIFTY FIFTY,THE FIFTY,3EDWNnbmr36DRQOkyoLQRS,2X3TAhWaAlTet44mabfdXl,52,2022-11-18,209333,False,https://open.spotify.com/track/2X3TAhWaAlTet44mabfdXl,0.642,0.671,0,-5.965,1,0.0428,0.391,0.0,0.188,0.624,103.036
Log in,FIFTY FIFTY,THE FIFTY,3EDWNnbmr36DRQOkyoLQRS,1AbQH7wlRemzyexuO2m3KO,40,2022-11-18,231893,False,https://open.spotify.com/track/1AbQH7wlRemzyexuO2m3KO,0.826,0.745,2,-5.481,1,0.249,0.236,4.4e-06,0.392,0.395,132.051
Party O'Clock,NMIXX,A Midsummer NMIXX’s Dream,0OM5hpJTbDQtetg6TQCOke,0HdcJkzhhhzID0nXEpIVgH,65,2023-07-11,183547,False,https://open.spotify.com/track/0HdcJkzhhhzID0nXEpIVgH,0.739,0.865,9,-2.847,0,0.0872,0.149,0.0,0.124,0.707,127.995
Roller Coaster,NMIXX,A Midsummer NMIXX’s Dream,0OM5hpJTbDQtetg6TQCOke,47ddsgWAC3q16lAmOSMTkr,46,2023-07-11,179373,False,https://open.spotify.com/track/47ddsgWAC3q16lAmOSMTkr,0.713,0.899,7,-3.386,1,0.0584,0.0956,0.0,0.387,0.611,120.027
"Young, Dumb, Stupid",NMIXX,expérgo,6GbCvETnCVvkpvK6qCqTYS,5eD83TX5ERuyJ7chfed3MQ,42,2023-03-20,190787,False,https://open.spotify.com/track/5eD83TX5ERuyJ7chfed3MQ,0.705,0.791,2,-3.402,1,0.24,0.0519,0.0,0.117,0.722,188.035
Love Me Like This,NMIXX,expérgo,6GbCvETnCVvkpvK6qCqTYS,6P3CtlzTKLxcNYGOS3es8m,72,2023-03-20,188719,False,https://open.spotify.com/track/6P3CtlzTKLxcNYGOS3es8m,0.801,0.805,8,-4.169,0,0.0641,0.00775,0.0,0.0588,0.664,97.021
PAXXWORD,NMIXX,expérgo,6GbCvETnCVvkpvK6qCqTYS,57IfwDNINXVRAWbmmaBcP9,50,2023-03-20,192467,False,https://open.spotify.com/track/57IfwDNINXVRAWbmmaBcP9,0.569,0.756,11,-3.684,0,0.29,0.0189,0.0,0.073,0.6,200.646
Just Did It,NMIXX,expérgo,6GbCvETnCVvkpvK6qCqTYS,5AgwBbICmOVLhl95tBiOg0,50,2023-03-20,178027,False,https://open.spotify.com/track/5AgwBbICmOVLhl95tBiOg0,0.731,0.873,8,-3.175,1,0.0415,0.114,0.0,0.208,0.624,95.503
My Gosh,NMIXX,expérgo,6GbCvETnCVvkpvK6qCqTYS,34UmtfADjmo12Jek6LpzQe,51,2023-03-20,216107,False,https://open.spotify.com/track/34UmtfADjmo12Jek6LpzQe,0.674,0.757,9,-4.253,1,0.139,0.661,0.0,0.0856,0.509,99.992
HOME,NMIXX,expérgo,6GbCvETnCVvkpvK6qCqTYS,0nYtg6MqCDmolLI5vsSAy1,48,2023-03-20,160147,False,https://open.spotify.com/track/0nYtg6MqCDmolLI5vsSAy1,0.705,0.889,3,-1.894,1,0.213,0.0462,0.0,0.107,0.678,157.923
Funky Glitter Christmas,NMIXX,1st Intermixxion Single <Funky Glitter Christmas>,4BDUJDquHDWsW5qH48RzHn,1R8kam26UwvsSOyamOzMOz,53,2022-11-23,190307,False,https://open.spotify.com/track/1R8kam26UwvsSOyamOzMOz,0.677,0.827,9,-0.677,1,0.0506,0.115,0.0,0.0227,0.899,114.129
DICE,NMIXX,ENTWURF,3wMlxC4t3dN70e1OF8wUfz,5aaE27JUylnG7aPtGJPrrC,71,2022-09-19,165747,False,https://open.spotify.com/track/5aaE27JUylnG7aPtGJPrrC,0.557,0.798,7,-3.331,1,0.253,0.0839,0.0,0.302,0.63,131.085
COOL (Your rainbow),NMIXX,ENTWURF,3wMlxC4t3dN70e1OF8wUfz,3D5t7S7W8BABJvA1SAIAHb,59,2022-09-19,170400,False,https://open.spotify.com/track/3D5t7S7W8BABJvA1SAIAHb,0.581,0.719,8,-5.472,1,0.155,0.56,0.0,0.233,0.563,148.867
Kiss,NMIXX,Kiss,3XLwYEV8JxiKrzL1IJOQhg,3pNcAmfGXKeKvsSG2h1teI,54,2022-07-31,186573,False,https://open.spotify.com/track/3pNcAmfGXKeKvsSG2h1teI,0.689,0.874,8,-2.341,1,0.0407,0.151,0.0,0.0564,0.69,123.055
안녕 개비! (Sung by NMIXX),NMIXX,개비의 매직하우스 OST X Nmixx,0uwtKGjwAJ9z1Hp74B5xWC,3f5tHSAMSVFnLO6M3lUZPO,38,2022-05-02,119147,False,https://open.spotify.com/track/3f5tHSAMSVFnLO6M3lUZPO,0.856,0.776,10,-4.667,1,0.175,0.168,0.0,0.0964,0.888,100.059
스프링클 파티 (Sung by NMIXX),NMIXX,개비의 매직하우스 OST X Nmixx,0uwtKGjwAJ9z1Hp74B5xWC,1nfT7zOpzdfaeuBoIlTEoP,35,2022-05-02,136267,False,https://open.spotify.com/track/1nfT7zOpzdfaeuBoIlTEoP,0.744,0.669,3,-4.223,1,0.0331,0.69,0.0,0.122,0.466,94.991
TANK,NMIXX,AD MARE,2QbA97qjlAs81t6kVS6zBk,4ZbXs9DzvdWlsQfA9ZUkCV,61,2022-02-22,168147,False,https://open.spotify.com/track/4ZbXs9DzvdWlsQfA9ZUkCV,0.634,0.928,0,-4.771,1,0.241,0.0288,0.000492,0.418,0.487,179.928
O.O,NMIXX,AD MARE,2QbA97qjlAs81t6kVS6zBk,44zfpg3ndtGESsgpTbWeyE,68,2022-02-22,172936,False,https://open.spotify.com/track/44zfpg3ndtGESsgpTbWeyE,0.389,0.77,11,-3.92,0,0.297,0.0368,3.79e-06,0.0598,0.295,200.263
LATATA,(G)I-DLE,I am,1GtPnOiHxCnoZPCiLcKj22,2ezKXygNO30pXyDQXkm6oD,63,2018-05-02,202773,False,https://open.spotify.com/track/2ezKXygNO30pXyDQXkm6oD,0.774,0.792,9,-4.019,0,0.224,0.00427,1.15e-06,0.283,0.505,98.1
$$$,(G)I-DLE,I am,1GtPnOiHxCnoZPCiLcKj22,68yUIRmUq0cZN19DnbgKSX,46,2018-05-02,211556,False,https://open.spotify.com/track/68yUIRmUq0cZN19DnbgKSX,0.748,0.926,8,-2.531,1,0.0825,0.102,0.0,0.0664,0.882,151.115
MAZE,(G)I-DLE,I am,1GtPnOiHxCnoZPCiLcKj22,5xptVEzEqCXv0oIJmyDYOJ,45,2018-05-02,200345,False,https://open.spotify.com/track/5xptVEzEqCXv0oIJmyDYOJ,0.726,0.85,5,-3.355,0,0.0358,0.109,0.0,0.192,0.504,99.99
DON'T TEXT ME,(G)I-DLE,I am,1GtPnOiHxCnoZPCiLcKj22,10gS1lJELCHguaUnrowonh,40,2018-05-02,216189,False,https://open.spotify.com/track/10gS1lJELCHguaUnrowonh,0.735,0.614,1,-6.658,1,0.0969,0.179,0.0,0.168,0.354,113.008
What’s in your house?,(G)I-DLE,I am,1GtPnOiHxCnoZPCiLcKj22,2bSwPOwFskjLWMb09Ppqoo,43,2018-05-02,207146,False,https://open.spotify.com/track/2bSwPOwFskjLWMb09Ppqoo,0.768,0.788,1,-6.04,0,0.0436,0.47,4.55e-06,0.133,0.729,122.008
Hear me,(G)I-DLE,I am,1GtPnOiHxCnoZPCiLcKj22,2kgjb8aqV3202cAN7jUaNR,40,2018-05-02,236941,False,https://open.spotify.com/track/2kgjb8aqV3202cAN7jUaNR,0.573,0.544,4,-6.24,1,0.0288,0.816,0.0,0.125,0.316,129.914
HANN (Alone),(G)I-DLE,HANN (Alone),4VLR1cDqRIeS86GYSJvlmZ,7gr57cYekMWriyJYbT7oZ4,61,2018-08-14,205820,False,https://open.spotify.com/track/7gr57cYekMWriyJYbT7oZ4,0.709,0.718,6,-3.315,0,0.0312,0.059,0.0,0.167,0.24,104.971
POP/STARS,"K/DA, Madison Beer, (G)I-DLE, Jaira Burns, League of Legends",POP/STARS,0UnBZ8laFgLUq5Ty5vbikQ,5sbooPcNgIE22DwO0VNGUJ,72,2018-11-03,191100,False,https://open.spotify.com/track/5sbooPcNgIE22DwO0VNGUJ,0.566,0.769,7,-4.342,1,0.0872,0.0183,0.0,0.108,0.385,170.036
Relay,(G)I-DLE,Relay,0k31vrIZQgqit8TjlQePM9,310Qb2mSocNLguFicxzRnD,35,2018-11-19,223347,False,https://open.spotify.com/track/310Qb2mSocNLguFicxzRnD,0.82,0.683,5,-3.053,0,0.0485,0.0897,0.0,0.0704,0.511,122.041
Relay - Inst.,(G)I-DLE,Relay,0k31vrIZQgqit8TjlQePM9,4CYmauJmQcA2y07qfAbD03,18,2018-11-19,223372,False,https://open.spotify.com/track/4CYmauJmQcA2y07qfAbD03,0.759,0.502,10,-5.742,0,0.0508,0.000211,0.872,0.0583,0.544,121.984
Senorita,(G)I-DLE,I made,479xGDGrqMXN8YLmJMEoTG,0q6boCcLaWYPIy2vOsksFg,61,2019-02-26,197616,False,https://open.spotify.com/track/0q6boCcLaWYPIy2vOsksFg,0.782,0.808,0,-3.139,1,0.0362,0.0159,4.33e-05,0.331,0.42,120.021
What's Your Name,(G)I-DLE,I made,479xGDGrqMXN8YLmJMEoTG,0CFyI2NLMuz35P2yUxHFGX,41,2019-02-26,189163,False,https://open.spotify.com/track/0CFyI2NLMuz35P2yUxHFGX,0.718,0.837,4,-4.134,0,0.0538,0.0076,5.79e-06,0.122,0.259,104.93
Put It Straight,(G)I-DLE,I made,479xGDGrqMXN8YLmJMEoTG,2G0wbwTsTN0HJeQp3BDc4D,44,2019-02-26,236668,False,https://open.spotify.com/track/2G0wbwTsTN0HJeQp3BDc4D,0.557,0.358,8,-6.436,1,0.0397,0.698,1.32e-05,0.293,0.111,140.903
Give Me Your,(G)I-DLE,I made,479xGDGrqMXN8YLmJMEoTG,39wNZpYE66vs3FlqMyhMYA,43,2019-02-26,220924,False,https://open.spotify.com/track/39wNZpYE66vs3FlqMyhMYA,0.635,0.633,0,-3.584,1,0.0565,0.75,0.0,0.153,0.637,60.431
Blow Your Mind,(G)I-DLE,I made,479xGDGrqMXN8YLmJMEoTG,5QIWUtgYCSrulzyixMLgbM,42,2019-02-26,169035,False,https://open.spotify.com/track/5QIWUtgYCSrulzyixMLgbM,0.869,0.471,5,-5.432,0,0.0428,0.0555,0.000184,0.0783,0.536,123.09
Help Me,(G)I-DLE,"Her Private Life (Original Television Soundtrack), Pt. 1",6xzTGXUxiDgdIH9TZiHKz8,7lZqVyqbMtx4O1lrJCvRH0,47,2019-04-11,238630,False,https://open.spotify.com/track/7lZqVyqbMtx4O1lrJCvRH0,0.778,0.688,4,-5.133,1,0.0324,0.144,1.22e-05,0.372,0.426,117.513
Uh-Oh,(G)I-DLE,Uh-Oh,3PzrNuMGWGpp8WOfrmpkaU,1OBb2wZMXKNmtdyyejLIyL,60,2019-06-26,207600,False,https://open.spotify.com/track/1OBb2wZMXKNmtdyyejLIyL,0.781,0.814,11,-3.315,0,0.0648,0.0586,0.0,0.118,0.782,92.037
LATATA - Japanese ver.,(G)I-DLE,LATATA,3DOoKGlWO9lNsKQAxa0DJ1,1QBi4PZtJ1olpOFO0ZaRoi,30,2019-07-29,202787,False,https://open.spotify.com/track/1QBi4PZtJ1olpOFO0ZaRoi,0.804,0.801,9,-4.223,0,0.172,0.0037,2.02e-06,0.239,0.534,98.074
Light My Fire,(G)I-DLE,LATATA,3DOoKGlWO9lNsKQAxa0DJ1,3jSMGwspwFJGWIaxNIDWsT,38,2019-07-29,231173,False,https://open.spotify.com/track/3jSMGwspwFJGWIaxNIDWsT,0.814,0.849,1,-4.607,1,0.0384,0.0154,2.03e-05,0.0556,0.53,110.979
MAZE - Japanese ver.,(G)I-DLE,LATATA,3DOoKGlWO9lNsKQAxa0DJ1,2ik3E5B2U1o78RfQXsmMWU,27,2019-07-29,200360,False,https://open.spotify.com/track/2ik3E5B2U1o78RfQXsmMWU,0.758,0.814,7,-4.135,0,0.0415,0.164,0.0,0.126,0.558,100.02
For You,(G)I-DLE,LATATA,3DOoKGlWO9lNsKQAxa0DJ1,6bfmUjaeIiTjpOqHtFIiVf,39,2019-07-29,224453,False,https://open.spotify.com/track/6bfmUjaeIiTjpOqHtFIiVf,0.46,0.632,9,-6.165,0,0.0605,0.752,1.32e-05,0.0911,0.333,149.555
Oh my god,(G)I-DLE,I trust,57sl8AvqVqm4Fadre0z8FQ,2DmRXiyn03tOqKgEJXlaiJ,68,2020-04-06,195867,False,https://open.spotify.com/track/2DmRXiyn03tOqKgEJXlaiJ,0.794,0.762,4,-3.525,0,0.0392,0.0358,1.41e-06,0.191,0.482,109.97
Luv U,(G)I-DLE,I trust,57sl8AvqVqm4Fadre0z8FQ,2Mvdcda3pVMDASD7oZWPr4,46,2020-04-06,213613,False,https://open.spotify.com/track/2Mvdcda3pVMDASD7oZWPr4,0.818,0.673,11,-4.836,0,0.0631,0.00716,0.000423,0.0662,0.336,105.027
Maybe,(G)I-DLE,I trust,57sl8AvqVqm4Fadre0z8FQ,1nEjpWJlqcOsf2ZaRQ3XdW,45,2020-04-06,180893,False,https://open.spotify.com/track/1nEjpWJlqcOsf2ZaRQ3XdW,0.814,0.717,7,-5.795,1,0.274,0.054,0.0679,0.236,0.183,119.977
LION,(G)I-DLE,I trust,57sl8AvqVqm4Fadre0z8FQ,40OyiVO9NtBg9R2Gpwxs3u,64,2020-04-06,210973,False,https://open.spotify.com/track/40OyiVO9NtBg9R2Gpwxs3u,0.741,0.715,4,-5.206,0,0.034,0.0318,0.0,0.121,0.187,109.989
Oh my god - English Version,(G)I-DLE,I trust,57sl8AvqVqm4Fadre0z8FQ,2EJbMzocEZ6VHnZKQ8pt8H,53,2020-04-06,195880,False,https://open.spotify.com/track/2EJbMzocEZ6VHnZKQ8pt8H,0.794,0.756,4,-3.528,0,0.0402,0.0361,0.000351,0.253,0.518,109.971
LATATA - English Ver.,(G)I-DLE,LATATA (English Ver.),0tM1Pr6hTKBNJEyLSft1Fs,78ObrGLDjBSE2MhpfgwZt1,42,2020-05-15,202267,False,https://open.spotify.com/track/78ObrGLDjBSE2MhpfgwZt1,0.801,0.838,9,-3.251,0,0.231,0.015,3.44e-06,0.3,0.601,98.015
i'M THE TREND,(G)I-DLE,i'M THE TREND,03TbZLPSRsHWX11umzK4qf,5Fkkhd5Sy1dCBkKdXLQl4U,50,2020-07-07,205013,False,https://open.spotify.com/track/5Fkkhd5Sy1dCBkKdXLQl4U,0.772,0.794,11,-2.908,0,0.073,0.138,5.91e-06,0.058,0.759,145.102
DUMDi DUMDi,(G)I-DLE,DUMDi DUMDi,0NC6QFvAc9H9r5iov9QwjK,2fJ70dRX7J4jiVxKUQQp7C,58,2020-08-03,210640,False,https://open.spotify.com/track/2fJ70dRX7J4jiVxKUQQp7C,0.759,0.914,4,-1.072,1,0.0592,0.025,4.45e-06,0.076,0.674,123.047
Oh my god - Japanese ver.,(G)I-DLE,Oh my god,5t9wX15utgPUOZsazbYojz,3tJhlwRfB26fg7noLfeFmU,32,2020-08-25,195880,False,https://open.spotify.com/track/3tJhlwRfB26fg7noLfeFmU,0.785,0.776,4,-3.511,0,0.0431,0.0361,8.9e-06,0.262,0.419,109.979
Uh-Oh - Japanese ver.,(G)I-DLE,Oh my god,5t9wX15utgPUOZsazbYojz,0WJAcoDysyE1hDbFOD7x6K,30,2020-08-25,207187,False,https://open.spotify.com/track/0WJAcoDysyE1hDbFOD7x6K,0.791,0.86,11,-2.184,0,0.0603,0.11,0.0,0.0917,0.663,91.984
Senorita - Japanese ver.,(G)I-DLE,Oh my god,5t9wX15utgPUOZsazbYojz,5AhnpPbVuGKA9IvFq3vrKT,31,2020-08-25,197640,False,https://open.spotify.com/track/5AhnpPbVuGKA9IvFq3vrKT,0.773,0.817,0,-2.903,1,0.038,0.0208,2.15e-05,0.127,0.47,120.007
Tung-Tung - Empty,(G)I-DLE,Oh my god,5t9wX15utgPUOZsazbYojz,6ogUXnO0F5PJSuWhOHCHd0,40,2020-08-25,229773,False,https://open.spotify.com/track/6ogUXnO0F5PJSuWhOHCHd0,0.691,0.773,9,-4.971,0,0.042,0.481,6.23e-06,0.141,0.261,104.941
DUMDi DUMDi - Japanese ver.,(G)I-DLE,Oh my god,5t9wX15utgPUOZsazbYojz,1sQwypUMUQkjB0S9sqjYos,30,2020-08-25,210587,False,https://open.spotify.com/track/1sQwypUMUQkjB0S9sqjYos,0.779,0.899,1,-1.433,0,0.0772,0.0603,1.98e-06,0.11,0.654,123.065
THE BADDEST,"K/DA, (G)I-DLE, Wolftyla, Bea Miller, League of Legends",THE BADDEST,7C8nskYbHG7N0LDrNVvt7x,2V4Fx72svQRxrFvNT1eq5f,68,2020-08-27,162600,False,https://open.spotify.com/track/2V4Fx72svQRxrFvNT1eq5f,0.676,0.857,10,-4.368,0,0.0438,0.0215,0.0,0.254,0.717,149.981
MORE,"K/DA, Madison Beer, (G)I-DLE, Lexie Liu, Jaira Burns, Seraphine, League of Legends",MORE,23yd1cYlPgl643vE8bb0WD,6juLaduD4STCUDWT0AYun4,70,2020-10-28,217088,False,https://open.spotify.com/track/6juLaduD4STCUDWT0AYun4,0.66,0.787,1,-4.592,0,0.032,0.00257,0.0,0.323,0.199,142.018
HANN (Alone in winter),(G)I-DLE,I burn,3ma5amx5s3l1NKoWNHaMYe,2qYdsdgdeMLFzpLcMQWG2W,52,2021-01-11,175040,False,https://open.spotify.com/track/2qYdsdgdeMLFzpLcMQWG2W,0.474,0.429,3,-6.363,0,0.0349,0.814,0.0,0.105,0.303,179.855
HWAA,(G)I-DLE,I burn,3ma5amx5s3l1NKoWNHaMYe,5FiXhM80sP4yg6tEnHkZZn,65,2021-01-11,197320,False,https://open.spotify.com/track/5FiXhM80sP4yg6tEnHkZZn,0.384,0.868,6,-3.226,0,0.0711,0.0458,5.82e-06,0.0797,0.233,95.027
MOON,(G)I-DLE,I burn,3ma5amx5s3l1NKoWNHaMYe,3uOeutrLztSX6lU0b0et3B,52,2021-01-11,200400,False,https://open.spotify.com/track/3uOeutrLztSX6lU0b0et3B,0.755,0.641,9,-4.816,0,0.0363,0.135,1.41e-05,0.127,0.546,95.963
Where is love,(G)I-DLE,I burn,3ma5amx5s3l1NKoWNHaMYe,7iQCl9TotVdT5WVibKcd7I,44,2021-01-11,177053,False,https://open.spotify.com/track/7iQCl9TotVdT5WVibKcd7I,0.728,0.915,7,-3.588,1,0.257,0.0115,0.0,0.114,0.461,119.959
LOST,(G)I-DLE,I burn,3ma5amx5s3l1NKoWNHaMYe,2hONcl7rn6TCopbykEoyXH,47,2021-01-11,181253,False,https://open.spotify.com/track/2hONcl7rn6TCopbykEoyXH,0.743,0.791,8,-3.391,0,0.0359,0.309,2.55e-06,0.119,0.637,123.004
DAHLIA,(G)I-DLE,I burn,3ma5amx5s3l1NKoWNHaMYe,2CxgY4VvTNA0bG2nVtmgPg,54,2021-01-11,190027,False,https://open.spotify.com/track/2CxgY4VvTNA0bG2nVtmgPg,0.755,0.821,1,-3.688,0,0.0416,0.122,2.04e-06,0.127,0.448,101.997
Last Dance (Prod. GroovyRoom),(G)I-DLE,Last Dance (Prod. GroovyRoom),2R8RsIMCdiNxkQVD96kDDW,7EI7PpLESJmbAnaK4zCmFm,48,2021-04-29,184920,False,https://open.spotify.com/track/7EI7PpLESJmbAnaK4zCmFm,0.808,0.843,2,-4.446,1,0.0461,0.0169,5.07e-06,0.364,0.355,116.048
TOMBOY,(G)I-DLE,I NEVER DIE,1T2W9vDajFreUuycPDjUXk,0IGUXY4JbK18bu9oD4mPIm,75,2022-03-14,174387,False,https://open.spotify.com/track/0IGUXY4JbK18bu9oD4mPIm,0.755,0.87,1,-2.414,0,0.0936,0.00988,0.0,0.0917,0.645,124.032
Never Stop Me,(G)I-DLE,I NEVER DIE,1T2W9vDajFreUuycPDjUXk,0ckILmtBH2r5UFOtTf2cN0,55,2022-03-14,144240,False,https://open.spotify.com/track/0ckILmtBH2r5UFOtTf2cN0,0.665,0.914,2,-2.535,1,0.138,0.0364,0.0,0.337,0.575,149.939
VILLAIN DIES,(G)I-DLE,I NEVER DIE,1T2W9vDajFreUuycPDjUXk,6adPuBjUw3Zh6wK27d8Rgv,56,2022-03-14,184813,False,https://open.spotify.com/track/6adPuBjUw3Zh6wK27d8Rgv,0.733,0.743,7,-5.205,0,0.0893,0.247,0.0,0.3,0.353,77.008
ALREADY,(G)I-DLE,I NEVER DIE,1T2W9vDajFreUuycPDjUXk,1hQtfLmNABXQMSjjYRXqAX,51,2022-03-14,201547,False,https://open.spotify.com/track/1hQtfLmNABXQMSjjYRXqAX,0.663,0.762,2,-4.568,0,0.174,0.571,7.84e-06,0.161,0.662,91.832
POLAROID,(G)I-DLE,I NEVER DIE,1T2W9vDajFreUuycPDjUXk,1XCoTc12Trl56sgCPP4R8M,51,2022-03-14,218547,False,https://open.spotify.com/track/1XCoTc12Trl56sgCPP4R8M,0.557,0.593,5,-5.372,1,0.0399,0.42,0.0,0.129,0.142,80.011
ESCAPE,(G)I-DLE,I NEVER DIE,1T2W9vDajFreUuycPDjUXk,4O7tVdjaOQARI1rS6E6CCx,54,2022-03-14,209293,False,https://open.spotify.com/track/4O7tVdjaOQARI1rS6E6CCx,0.619,0.717,11,-3.933,0,0.0295,0.251,0.0,0.0809,0.309,115.061
LIAR,(G)I-DLE,I NEVER DIE,1T2W9vDajFreUuycPDjUXk,4NrmxVJURTgzMH0QKyYy1a,51,2022-03-14,171507,False,https://open.spotify.com/track/4NrmxVJURTgzMH0QKyYy1a,0.511,0.893,7,-3.998,1,0.289,0.096,0.0,0.332,0.656,173.73
MY BAG,(G)I-DLE,I NEVER DIE,1T2W9vDajFreUuycPDjUXk,1t8sqIScEIP0B4bQzBuI2P,71,2022-03-14,160520,False,https://open.spotify.com/track/1t8sqIScEIP0B4bQzBuI2P,0.838,0.823,8,-3.929,0,0.164,0.0864,7.12e-05,0.156,0.759,94.024
Nxde,(G)I-DLE,I love,2Hyuin3i1cSZ1FlQFeCPZH,6NnCWIWV740gP7DQ8kqdIE,75,2022-10-17,178453,False,https://open.spotify.com/track/6NnCWIWV740gP7DQ8kqdIE,0.726,0.91,4,-1.948,0,0.179,0.0413,7.81e-06,0.479,0.648,135.966
LOVE,(G)I-DLE,I love,2Hyuin3i1cSZ1FlQFeCPZH,6dmMXI9tVrDgFmxpjttZmF,50,2022-10-17,197173,False,https://open.spotify.com/track/6dmMXI9tVrDgFmxpjttZmF,0.853,0.747,0,-4.271,1,0.0801,0.153,0.0,0.121,0.374,104.99
Change,(G)I-DLE,I love,2Hyuin3i1cSZ1FlQFeCPZH,6wXYyw7TBQlJ0qh3RNP8MD,56,2022-10-17,204040,False,https://open.spotify.com/track/6wXYyw7TBQlJ0qh3RNP8MD,0.735,0.842,2,-4.124,1,0.0484,0.156,0.0,0.15,0.313,109.997
Reset,(G)I-DLE,I love,2Hyuin3i1cSZ1FlQFeCPZH,6b5UB8AvYPTYP5AC99BYjB,48,2022-10-17,182027,False,https://open.spotify.com/track/6b5UB8AvYPTYP5AC99BYjB,0.544,0.617,0,-4.163,1,0.0359,0.172,0.0,0.124,0.451,87.924
Sculpture,(G)I-DLE,I love,2Hyuin3i1cSZ1FlQFeCPZH,7f9Nbqm1ds2kxGHioJtdf3,48,2022-10-17,186733,False,https://open.spotify.com/track/7f9Nbqm1ds2kxGHioJtdf3,0.65,0.629,0,-3.925,1,0.16,0.186,0.0,0.197,0.261,121.181
DARK (X-file),(G)I-DLE,I love,2Hyuin3i1cSZ1FlQFeCPZH,4xc3JpkI8kxLwk1SJafjzh,51,2022-10-17,165453,False,https://open.spotify.com/track/4xc3JpkI8kxLwk1SJafjzh,0.638,0.836,9,-3.502,1,0.0743,0.111,0.0,0.0372,0.393,165.924
Expectations,"Anne-Marie, MINNIE, (G)I-DLE",Expectations,3T6Xy6iJPpYmawK2LmJWFF,3szFx3SyWFpRbehaPxpyqq,52,2023-03-09,189079,True,https://open.spotify.com/track/3szFx3SyWFpRbehaPxpyqq,0.705,0.535,9,-4.087,1,0.0459,0.454,0.0,0.047,0.568,140.076
Queencard,(G)I-DLE,I feel,3PQZnr5gf699uYEaGH93uG,4uOBL4DDWWVx4RhYKlPbPC,81,2023-05-15,161240,False,https://open.spotify.com/track/4uOBL4DDWWVx4RhYKlPbPC,0.815,0.834,4,-2.828,0,0.0475,0.0327,0.000268,0.27,0.692,129.989
Allergy,(G)I-DLE,I feel,3PQZnr5gf699uYEaGH93uG,38MKW2tQHtyO8djIOKlEFF,68,2023-05-15,162787,False,https://open.spotify.com/track/38MKW2tQHtyO8djIOKlEFF,0.591,0.92,5,-3.699,1,0.185,0.0524,0.0,0.0467,0.545,165.087
Lucid,(G)I-DLE,I feel,3PQZnr5gf699uYEaGH93uG,4fg42mtrSFuKQ9NYBboiiN,57,2023-05-15,175827,False,https://open.spotify.com/track/4fg42mtrSFuKQ9NYBboiiN,0.748,0.779,1,-3.001,1,0.0988,0.197,0.0,0.126,0.46,124.96
All Night,(G)I-DLE,I feel,3PQZnr5gf699uYEaGH93uG,1abAIeSQCbdPcxWgiwDOmL,55,2023-05-15,146000,False,https://open.spotify.com/track/1abAIeSQCbdPcxWgiwDOmL,0.809,0.765,0,-3.347,1,0.0392,0.0145,0.0,0.0625,0.684,107.025
Paradise,(G)I-DLE,I feel,3PQZnr5gf699uYEaGH93uG,0M0LPSeg23xSAELGs2TbXf,57,2023-05-15,189067,False,https://open.spotify.com/track/0M0LPSeg23xSAELGs2TbXf,0.633,0.8,8,-3.245,1,0.0576,0.0682,0.0,0.152,0.328,98.914
Peter Pan,(G)I-DLE,I feel,3PQZnr5gf699uYEaGH93uG,4QbdGSGyECE7IRtjolOkjO,51,2023-05-15,190947,False,https://open.spotify.com/track/4QbdGSGyECE7IRtjolOkjO,0.738,0.831,2,-3.39,1,0.176,0.157,0.0,0.379,0.731,87.967
Colors,IZ*ONE,COLOR*IZ,5Fl13rfH2DRRTo6OV4ecJY,1T5hHpw1R027tHHncKhvlB,43,2018-10-29,218285,False,https://open.spotify.com/track/1T5hHpw1R027tHHncKhvlB,0.716,0.899,5,-2.789,1,0.0333,0.0546,0.0,0.203,0.817,107.983
O' My!,IZ*ONE,COLOR*IZ,5Fl13rfH2DRRTo6OV4ecJY,2XbZnOgBguBxqFpQU9JK7D,41,2018-10-29,203303,False,https://open.spotify.com/track/2XbZnOgBguBxqFpQU9JK7D,0.562,0.844,1,-2.816,1,0.232,0.0354,0.0,0.626,0.772,201.885
La Vie en Rose,IZ*ONE,COLOR*IZ,5Fl13rfH2DRRTo6OV4ecJY,3WfaJhCL4p2JbdffJjV6Va,66,2018-10-29,218994,False,https://open.spotify.com/track/3WfaJhCL4p2JbdffJjV6Va,0.699,0.907,9,-1.208,0,0.0544,0.0868,0.0,0.115,0.621,115.978
Memory,IZ*ONE,COLOR*IZ,5Fl13rfH2DRRTo6OV4ecJY,3qjocS6H2jwEZKVcr2KQZH,40,2018-10-29,202917,False,https://open.spotify.com/track/3qjocS6H2jwEZKVcr2KQZH,0.508,0.614,8,-5.526,1,0.0345,0.145,0.0,0.105,0.254,73.949
We Together,IZ*ONE,COLOR*IZ,5Fl13rfH2DRRTo6OV4ecJY,48ZQXcTpkClTXp8hRDP3sq,38,2018-10-29,226226,False,https://open.spotify.com/track/48ZQXcTpkClTXp8hRDP3sq,0.675,0.9,4,-3.118,1,0.214,0.193,0.0,0.586,0.655,115.116
Suki ni Nacchaudarou?,IZ*ONE,COLOR*IZ,5Fl13rfH2DRRTo6OV4ecJY,5L9xkBNAr58zUmQ79I0xIZ,30,2018-10-29,248696,False,https://open.spotify.com/track/5L9xkBNAr58zUmQ79I0xIZ,0.683,0.889,1,-3.268,1,0.0566,0.118,0.0,0.315,0.804,130.975
Yume wo Miteiru Aida,IZ*ONE,COLOR*IZ,5Fl13rfH2DRRTo6OV4ecJY,0vev7f6rdUpKfj0jqpQduk,37,2018-10-29,208501,False,https://open.spotify.com/track/0vev7f6rdUpKfj0jqpQduk,0.557,0.697,8,-3.346,1,0.0312,0.676,0.0,0.111,0.322,90.044
Hey. Bae. Like it.,IZ*ONE,HEART*IZ,548UwoyV9v9fTaoEfzoCBb,49XLGbXPizyJvTINTSmiSt,40,2019-04-01,212674,False,https://open.spotify.com/track/49XLGbXPizyJvTINTSmiSt,0.753,0.912,6,-2.949,1,0.0511,0.187,0.0,0.0596,0.77,109.968
Violeta,IZ*ONE,HEART*IZ,548UwoyV9v9fTaoEfzoCBb,0Qzs7eyyx6Il1qkA4wqUHm,60,2019-04-01,200912,False,https://open.spotify.com/track/0Qzs7eyyx6Il1qkA4wqUHm,0.712,0.885,7,-2.96,1,0.0605,0.00391,0.0,0.105,0.661,115.009
Highlight,IZ*ONE,HEART*IZ,548UwoyV9v9fTaoEfzoCBb,2C4MS6rTqxbWw6h9z9jszV,47,2019-04-01,208867,False,https://open.spotify.com/track/2C4MS6rTqxbWw6h9z9jszV,0.534,0.864,8,-4.92,1,0.103,0.0141,0.0,0.0972,0.405,123.477
Really Like You,IZ*ONE,HEART*IZ,548UwoyV9v9fTaoEfzoCBb,2IHokmA2Cm7IEieaxAMZLl,40,2019-04-01,190507,False,https://open.spotify.com/track/2IHokmA2Cm7IEieaxAMZLl,0.372,0.516,6,-4.105,1,0.034,0.697,0.0,0.0861,0.106,95.591
Airplane,IZ*ONE,HEART*IZ,548UwoyV9v9fTaoEfzoCBb,2w73ndPml1xSxktTVgyngE,46,2019-04-01,183951,False,https://open.spotify.com/track/2w73ndPml1xSxktTVgyngE,0.63,0.96,6,-2.354,1,0.0661,0.347,0.0,0.0979,0.835,165.067
Up,IZ*ONE,HEART*IZ,548UwoyV9v9fTaoEfzoCBb,70QXJyGkuTJDhfxqW2XGED,47,2019-04-01,192851,False,https://open.spotify.com/track/70QXJyGkuTJDhfxqW2XGED,0.686,0.923,1,-2.038,1,0.0321,0.0422,0.0,0.085,0.8,121.996
NEKONI NARITAI - Korean Version,IZ*ONE,HEART*IZ,548UwoyV9v9fTaoEfzoCBb,1DOHeAgIfWm8nZXKWxJX4u,30,2019-04-01,256745,False,https://open.spotify.com/track/1DOHeAgIfWm8nZXKWxJX4u,0.481,0.888,1,-3.606,0,0.0544,0.309,0.0,0.395,0.715,195.852
GOKIGEN SAYONARA - Korean Version,IZ*ONE,HEART*IZ,548UwoyV9v9fTaoEfzoCBb,0zX65wduFBYoh619f0rezp,33,2019-04-01,260958,False,https://open.spotify.com/track/0zX65wduFBYoh619f0rezp,0.645,0.962,5,-3.562,1,0.0379,0.00624,0.00014,0.373,0.707,128.008
EYES,IZ*ONE,BLOOM*IZ,5dm3PMCHxTSOdDFZ1hlfMm,5i299xWIza9JP2yOvIACnn,38,2020-02-17,217960,False,https://open.spotify.com/track/5i299xWIza9JP2yOvIACnn,0.553,0.89,0,-2.988,1,0.0628,0.0852,0.0,0.0968,0.374,163.965
FIESTA,IZ*ONE,BLOOM*IZ,5dm3PMCHxTSOdDFZ1hlfMm,6Ihdn6wW2UBhfTKWbP29KA,65,2020-02-17,217760,False,https://open.spotify.com/track/6Ihdn6wW2UBhfTKWbP29KA,0.756,0.927,7,-2.116,1,0.0594,0.0617,0.0,0.343,0.723,123.005
DREAMLIKE,IZ*ONE,BLOOM*IZ,5dm3PMCHxTSOdDFZ1hlfMm,6d3pjHp69A5RABSAJ7zqJH,42,2020-02-17,226787,False,https://open.spotify.com/track/6d3pjHp69A5RABSAJ7zqJH,0.687,0.783,1,-3.894,0,0.0317,0.0261,0.0,0.18,0.56,100.005
AYAYAYA,IZ*ONE,BLOOM*IZ,5dm3PMCHxTSOdDFZ1hlfMm,4XKCLNyCTvtdkLu5O1mzTU,49,2020-02-17,202400,False,https://open.spotify.com/track/4XKCLNyCTvtdkLu5O1mzTU,0.643,0.883,2,-2.348,0,0.119,0.157,0.0,0.284,0.764,110.115
SO CURIOUS,IZ*ONE,BLOOM*IZ,5dm3PMCHxTSOdDFZ1hlfMm,1UIBdhUqYWTPkclHSJ9Qeb,39,2020-02-17,202587,False,https://open.spotify.com/track/1UIBdhUqYWTPkclHSJ9Qeb,0.759,0.913,0,-2.965,1,0.0505,0.231,0.0,0.523,0.762,118.03
SPACESHIP,IZ*ONE,BLOOM*IZ,5dm3PMCHxTSOdDFZ1hlfMm,6axF0CI9p2GBm8M0uQ7Efp,44,2020-02-17,171387,False,https://open.spotify.com/track/6axF0CI9p2GBm8M0uQ7Efp,0.661,0.896,7,-2.035,1,0.198,0.123,0.0,0.298,0.855,162.013
DESTINY,IZ*ONE,BLOOM*IZ,5dm3PMCHxTSOdDFZ1hlfMm,2qFZjcCI3vuBX83IuluS2w,35,2020-02-17,201533,False,https://open.spotify.com/track/2qFZjcCI3vuBX83IuluS2w,0.382,0.873,7,-2.415,1,0.0487,0.133,0.0,0.149,0.459,77.034
YOU & I,IZ*ONE,BLOOM*IZ,5dm3PMCHxTSOdDFZ1hlfMm,0Dw0Vu2BVOA9YjGFOpdk62,36,2020-02-17,204560,False,https://open.spotify.com/track/0Dw0Vu2BVOA9YjGFOpdk62,0.32,0.496,2,-5.625,1,0.0328,0.618,0.0,0.0699,0.232,91.112
DAYDREAM,IZ*ONE,BLOOM*IZ,5dm3PMCHxTSOdDFZ1hlfMm,19vNcjcAM9KC7ykx9V6eBy,36,2020-02-17,203667,False,https://open.spotify.com/track/19vNcjcAM9KC7ykx9V6eBy,0.728,0.877,7,-3.005,1,0.045,0.232,0.0,0.0619,0.914,112.024
PINK BLUSHER,IZ*ONE,BLOOM*IZ,5dm3PMCHxTSOdDFZ1hlfMm,13QHxN1sTC524wQ0Go0KWB,36,2020-02-17,194000,False,https://open.spotify.com/track/13QHxN1sTC524wQ0Go0KWB,0.59,0.872,1,-2.962,0,0.095,0.134,2.05e-06,0.0732,0.59,173.961
SOMEDAY,IZ*ONE,BLOOM*IZ,5dm3PMCHxTSOdDFZ1hlfMm,3qhzRGLZajlHWlxzDyHK4B,43,2020-02-17,197173,False,https://open.spotify.com/track/3qhzRGLZajlHWlxzDyHK4B,0.489,0.487,7,-5.042,1,0.0393,0.747,0.0,0.11,0.309,72.689
OPEN YOUR EYES,IZ*ONE,BLOOM*IZ,5dm3PMCHxTSOdDFZ1hlfMm,7g2h7EM7nKSUPDuA6ehm29,38,2020-02-17,197972,False,https://open.spotify.com/track/7g2h7EM7nKSUPDuA6ehm29,0.696,0.946,5,-1.804,0,0.0793,0.316,0.0,0.081,0.933,130.0
Welcome,IZ*ONE,Oneiric Diary,1XuKR0Qguy1b0Vne8hv5Pd,0n25TbWLbt9VrrPVZr6MDQ,40,2020-06-15,85147,False,https://open.spotify.com/track/0n25TbWLbt9VrrPVZr6MDQ,0.655,0.44,7,-4.654,0,0.0316,0.353,1.62e-06,0.373,0.595,121.962
Secret Story of the Swan,IZ*ONE,Oneiric Diary,1XuKR0Qguy1b0Vne8hv5Pd,7G6WuVZuTbF6JcnA9wOvsD,66,2020-06-15,192333,False,https://open.spotify.com/track/7G6WuVZuTbF6JcnA9wOvsD,0.703,0.941,7,-0.995,0,0.0808,0.131,0.0,0.319,0.758,102.969
Pretty,IZ*ONE,Oneiric Diary,1XuKR0Qguy1b0Vne8hv5Pd,7Jmx9JHRCeMRsuLGaZI3Re,41,2020-06-15,199933,False,https://open.spotify.com/track/7Jmx9JHRCeMRsuLGaZI3Re,0.739,0.954,6,-1.049,1,0.0561,0.0466,0.0,0.268,0.849,123.948
Merry-Go-Round,IZ*ONE,Oneiric Diary,1XuKR0Qguy1b0Vne8hv5Pd,1zMWOzjhKVlWvzvEK3e5n8,44,2020-06-15,180827,False,https://open.spotify.com/track/1zMWOzjhKVlWvzvEK3e5n8,0.698,0.971,4,-1.087,0,0.113,0.0245,0.0,0.358,0.719,122.027
Rococo,IZ*ONE,Oneiric Diary,1XuKR0Qguy1b0Vne8hv5Pd,6IlW4Md08R0ktuGWUYWleN,37,2020-06-15,193120,False,https://open.spotify.com/track/6IlW4Md08R0ktuGWUYWleN,0.81,0.931,0,-1.27,1,0.154,0.126,0.0,0.376,0.611,117.975
With*One,IZ*ONE,Oneiric Diary,1XuKR0Qguy1b0Vne8hv5Pd,4ibtE8FK5uFcVPhGath9zk,44,2020-06-15,219013,False,https://open.spotify.com/track/4ibtE8FK5uFcVPhGath9zk,0.538,0.84,0,-2.091,1,0.072,0.295,0.0,0.12,0.406,171.837
Secret Story of the Swan - Japanese Version,IZ*ONE,Oneiric Diary,1XuKR0Qguy1b0Vne8hv5Pd,3WpddjBRdLikgzAybpRnZb,36,2020-06-15,192320,False,https://open.spotify.com/track/3WpddjBRdLikgzAybpRnZb,0.69,0.934,7,-0.975,0,0.0775,0.108,3.33e-06,0.348,0.711,102.985
Merry-Go-Round - Japanese Version,IZ*ONE,Oneiric Diary,1XuKR0Qguy1b0Vne8hv5Pd,6ByMkSxoBLTTavuWBtPXfk,31,2020-06-15,180813,False,https://open.spotify.com/track/6ByMkSxoBLTTavuWBtPXfk,0.706,0.972,4,-1.142,0,0.116,0.0292,0.0,0.398,0.662,121.939
Mise-en-Scène,IZ*ONE,One-reeler / Act IV,3gfl9D7cMW3K87YiMbqsWK,2MkRGUoxfB1gq0k2lMu0o0,42,2020-12-07,199853,False,https://open.spotify.com/track/2MkRGUoxfB1gq0k2lMu0o0,0.648,0.947,5,-2.434,0,0.0559,0.038,0.0,0.108,0.621,126.023
Panorama,IZ*ONE,One-reeler / Act IV,3gfl9D7cMW3K87YiMbqsWK,0CnpSTdL9l5vQM4YnzXtyo,67,2020-12-07,222853,False,https://open.spotify.com/track/0CnpSTdL9l5vQM4YnzXtyo,0.726,0.963,9,-1.111,0,0.0916,0.0429,0.00157,0.128,0.769,126.062
Island,IZ*ONE,One-reeler / Act IV,3gfl9D7cMW3K87YiMbqsWK,7GgUU6eRhXsRD5eJNT0MFA,39,2020-12-07,193533,False,https://open.spotify.com/track/7GgUU6eRhXsRD5eJNT0MFA,0.671,0.888,5,-3.482,1,0.0609,0.00788,0.0,0.398,0.708,133.938
Sequence,IZ*ONE,One-reeler / Act IV,3gfl9D7cMW3K87YiMbqsWK,4Wa3kUtGTeuPuC9qF9wF0g,50,2020-12-07,190867,False,https://open.spotify.com/track/4Wa3kUtGTeuPuC9qF9wF0g,0.793,0.849,1,-3.137,0,0.114,0.00311,0.0,0.0506,0.771,125.957
O Sole Mio,IZ*ONE,One-reeler / Act IV,3gfl9D7cMW3K87YiMbqsWK,6XvsuNhva4yQPwjpniUnsd,43,2020-12-07,210320,False,https://open.spotify.com/track/6XvsuNhva4yQPwjpniUnsd,0.657,0.96,0,-2.087,1,0.105,0.0154,0.0,0.625,0.381,102.95
Slow Journey,IZ*ONE,One-reeler / Act IV,3gfl9D7cMW3K87YiMbqsWK,34mBTQ0YwnIofeUfNjlwlb,40,2020-12-07,199147,False,https://open.spotify.com/track/34mBTQ0YwnIofeUfNjlwlb,0.498,0.839,2,-3.204,1,0.168,0.373,0.0,0.289,0.616,203.889
D-D-DANCE,IZ*ONE,D-D-DANCE,2IdNPVampy5PEkJvW7AmDZ,1HLVKk07Ac4M6rql3B5KLw,50,2021-01-26,205067,False,https://open.spotify.com/track/1HLVKk07Ac4M6rql3B5KLw,0.715,0.887,11,-1.956,0,0.0637,0.0441,0.0,0.317,0.369,124.91
ZERO:ATTITUDE (Feat. pH-1),"SOYOU, IZ*ONE, pH-1",ZERO:ATTITUDE,0QNFrDNohHvrMsm7lH1gat,7oZ7KgLcFZGJ0EZXi6BR7M,41,2021-02-15,180907,False,https://open.spotify.com/track/7oZ7KgLcFZGJ0EZXi6BR7M,0.738,0.951,11,-0.754,0,0.124,0.0227,0.0,0.283,0.73,119.964
I DO,(G)I-DLE,HEAT,20iyYKtw1KjMRsMZWMPpVY,4DBLBCVLDOmJwRysidmjHL,58,2023-10-05,190114,True,https://open.spotify.com/track/4DBLBCVLDOmJwRysidmjHL,0.665,0.683,1,-4.419,0,0.0307,0.012,0.0,0.12,0.543,110.973
I Want That,(G)I-DLE,HEAT,20iyYKtw1KjMRsMZWMPpVY,34pKV56b6d7Nz1l6av1nZ1,66,2023-10-05,171667,False,https://open.spotify.com/track/34pKV56b6d7Nz1l6av1nZ1,0.8,0.87,0,-5.787,0,0.0832,0.0693,0.000584,0.0742,0.434,120.06
Eyes Roll,(G)I-DLE,HEAT,20iyYKtw1KjMRsMZWMPpVY,79yymC6QQaZ81jR2UYcPfy,64,2023-10-05,197667,True,https://open.spotify.com/track/79yymC6QQaZ81jR2UYcPfy,0.792,0.826,2,-6.004,0,0.142,0.0807,0.0,0.0694,0.555,120.004
Flip It,(G)I-DLE,HEAT,20iyYKtw1KjMRsMZWMPpVY,0W3ekPhkpDFjAym6E5RdPM,57,2023-10-05,176573,False,https://open.spotify.com/track/0W3ekPhkpDFjAym6E5RdPM,0.884,0.716,11,-5.687,1,0.0649,0.0212,2.07e-06,0.223,0.521,132.018
Tall Trees,(G)I-DLE,HEAT,20iyYKtw1KjMRsMZWMPpVY,3NwamGRtyCi0MmVDjqOL2S,55,2023-10-05,165013,False,https://open.spotify.com/track/3NwamGRtyCi0MmVDjqOL2S,0.678,0.552,5,-5.182,0,0.0467,0.0839,0.0,0.117,0.465,83.106
Off The Record,IVE,I'VE MINE,5J7VAdKdGZGme6wymgopbp,6TNx6kHZeVDByUNMVxkAfa,62,2023-10-13,188733,False,https://open.spotify.com/track/6TNx6kHZeVDByUNMVxkAfa,0.767,0.745,10,-5.338,1,0.0449,0.101,0.0,0.192,0.842,107.984
Baddie,IVE,I'VE MINE,5J7VAdKdGZGme6wymgopbp,7uyeEbG6hyApgXuEypGcsZ,79,2023-10-13,154360,False,https://open.spotify.com/track/7uyeEbG6hyApgXuEypGcsZ,0.736,0.678,5,-4.503,1,0.0464,0.0459,5.46e-06,0.104,0.757,160.045
Either Way,IVE,I'VE MINE,5J7VAdKdGZGme6wymgopbp,5c1EubDxHdulbausF5CpX5,60,2023-10-13,166947,False,https://open.spotify.com/track/5c1EubDxHdulbausF5CpX5,0.701,0.588,8,-4.059,0,0.0475,0.461,0.0,0.24,0.394,123.078
Holy Moly,IVE,I'VE MINE,5J7VAdKdGZGme6wymgopbp,5q288Nbf39kqh2HtI2H2op,60,2023-10-13,176760,False,https://open.spotify.com/track/5q288Nbf39kqh2HtI2H2op,0.416,0.79,2,-3.819,1,0.239,0.0299,1.41e-06,0.11,0.707,170.579
OTT,IVE,I'VE MINE,5J7VAdKdGZGme6wymgopbp,0ANTnEM0En14CMHPxs0MZj,62,2023-10-13,157187,False,https://open.spotify.com/track/0ANTnEM0En14CMHPxs0MZj,0.854,0.822,11,-4.703,1,0.0449,0.216,0.0,0.105,0.827,124.037
Payback,IVE,I'VE MINE,5J7VAdKdGZGme6wymgopbp,1RYK0mKtwjWaNLe7Mi6jYN,59,2023-10-13,188213,False,https://open.spotify.com/track/1RYK0mKtwjWaNLe7Mi6jYN,0.541,0.924,11,-3.661,1,0.182,0.107,0.0,0.124,0.755,179.859
RINGO,ITZY,RINGO,3aT91hpILeuYJe37TnaGxz,2qWIeuIxVJglnWWsDpyhfU,66,2023-09-27,209000,False,https://open.spotify.com/track/2qWIeuIxVJglnWWsDpyhfU,0.78,0.921,4,-2.382,0,0.0796,0.139,0.0,0.347,0.828,119.998
SUPERPOWERS,ITZY,"Strong Girl Nam-soon (Original Television Soundtrack), Pt.1",1atx6ADNPFNf3PKvBiSa6l,2T0cn0hvGrG8vqqB8sK4zX,49,2023-10-08,175600,False,https://open.spotify.com/track/2T0cn0hvGrG8vqqB8sK4zX,0.781,0.933,8,-2.075,1,0.199,0.352,0.0,0.0404,0.658,129.911
SUPERPOWERS - inst.,ITZY,"Strong Girl Nam-soon (Original Television Soundtrack), Pt.1",1atx6ADNPFNf3PKvBiSa6l,7J2orRXjH1Y2vkCA7zEIhW,22,2023-10-08,175600,False,https://open.spotify.com/track/7J2orRXjH1Y2vkCA7zEIhW,0.778,0.659,6,-5.977,1,0.128,0.0113,0.129,0.257,0.762,130.071
Sugar-holic,ITZY,Sugar-holic,1eFW6R2WJUCHWSHchYkLN2,47YvjyoCQpYwZbRj0Rs985,50,2023-10-11,183147,False,https://open.spotify.com/track/47YvjyoCQpYwZbRj0Rs985,0.669,0.864,5,-3.046,0,0.0314,0.0448,0.0,0.12,0.751,152.085
ZOOM ZOOM,aespa,ZOOM ZOOM,1A6g2ZDdb7ggiiTXUbEuMP,3DZwsHxTYjCcMUTcSkATPl,57,2023-10-06,192733,False,https://open.spotify.com/track/3DZwsHxTYjCcMUTcSkATPl,0.674,0.941,8,-2.109,1,0.0791,0.0322,2.09e-05,0.338,0.723,124.962
Drama,aespa,Drama - The 4th Mini Album,5NMtxQJy4wq3mpo3ERVnLs,5XWlyfo0kZ8LF7VSyfS4Ew,86,2023-11-10,214973,False,https://open.spotify.com/track/5XWlyfo0kZ8LF7VSyfS4Ew,0.644,0.872,6,-1.54,0,0.0417,0.164,0.0,0.363,0.378,131.016
Trick or Trick,aespa,Drama - The 4th Mini Album,5NMtxQJy4wq3mpo3ERVnLs,3EI3OLBeM89B0o0UsIGCOx,66,2023-11-10,175440,False,https://open.spotify.com/track/3EI3OLBeM89B0o0UsIGCOx,0.729,0.843,1,-3.018,1,0.143,0.217,4.23e-05,0.0916,0.63,159.0
Don't Blink,aespa,Drama - The 4th Mini Album,5NMtxQJy4wq3mpo3ERVnLs,2uJEnyojuGg31VVlLTQFpp,64,2023-11-10,169000,False,https://open.spotify.com/track/2uJEnyojuGg31VVlLTQFpp,0.719,0.802,4,-3.789,1,0.0698,0.259,0.0,0.384,0.714,93.027
Hot Air Balloon,aespa,Drama - The 4th Mini Album,5NMtxQJy4wq3mpo3ERVnLs,1mdtLny0zugh89vokWGG80,62,2023-11-10,198693,False,https://open.spotify.com/track/1mdtLny0zugh89vokWGG80,0.848,0.866,9,-1.368,1,0.0796,0.273,0.0,0.0513,0.829,118.023
YOLO,aespa,Drama - The 4th Mini Album,5NMtxQJy4wq3mpo3ERVnLs,3OQWohbPUsvbXaH1AiRazX,61,2023-11-10,189373,False,https://open.spotify.com/track/3OQWohbPUsvbXaH1AiRazX,0.665,0.936,10,-2.306,1,0.19,0.186,0.000588,0.415,0.569,120.925
You,aespa,Drama - The 4th Mini Album,5NMtxQJy4wq3mpo3ERVnLs,52qof5uEYA0TV0EpR7jNxs,62,2023-11-10,203307,False,https://open.spotify.com/track/52qof5uEYA0TV0EpR7jNxs,0.347,0.821,4,-2.78,1,0.118,0.326,0.0,0.359,0.371,185.959
Better Things,aespa,Drama - The 4th Mini Album,5NMtxQJy4wq3mpo3ERVnLs,330IIz7d75eqAsKq1xhzXR,68,2023-11-10,203216,False,https://open.spotify.com/track/330IIz7d75eqAsKq1xhzXR,0.782,0.767,0,-5.383,1,0.0529,0.11,0.00323,0.496,0.548,115.027
Jingle Bell Rock,aespa,Jingle Bell Rock,7dSaBwUid0hjWdJ5QzIKyu,0ijCESscFXtRc0dtDgu1Uv,70,2023-11-24,130613,False,https://open.spotify.com/track/0ijCESscFXtRc0dtDgu1Uv,0.791,0.725,6,-4.154,1,0.158,0.0987,0.0,0.118,0.678,140.06
GODS,"League of Legends, NewJeans",GODS,0rAaP1OBxVCn2cIUZNjGRs,210JJAa9nJOgNa0YNrsT5g,84,2023-10-04,220878,False,https://open.spotify.com/track/210JJAa9nJOgNa0YNrsT5g,0.588,0.765,3,-5.914,0,0.0518,0.00685,3.23e-05,0.2,0.492,145.988
Our Night is more beautiful than your Day,NewJeans,NewJeans X MY DEMON,31chdu7JhVd0sC9X7sURNb,11YovYUVkZdLyOFncbecWL,72,2023-11-24,192412,False,https://open.spotify.com/track/11YovYUVkZdLyOFncbecWL,0.487,0.346,10,-8.82,1,0.043,0.578,0.0,0.111,0.193,104.975
Our Night is more beautiful than your Day (Inst.),NewJeans,NewJeans X MY DEMON,31chdu7JhVd0sC9X7sURNb,6sJ6EoG4vyUC1tW718ww7f,52,2023-11-24,192412,False,https://open.spotify.com/track/6sJ6EoG4vyUC1tW718ww7f,0.831,0.201,10,-13.857,1,0.0577,0.775,0.841,0.109,0.266,105.004
Perfect Night,LE SSERAFIM,Perfect Night,6Msc3BwzKZ5f5FXmKuUSu6,74X2u8JMVooG2QbjRxXwR8,88,2023-10-27,159080,False,https://open.spotify.com/track/74X2u8JMVooG2QbjRxXwR8,0.697,0.82,5,-4.502,1,0.0308,0.1,0.0,0.0631,0.502,136.054
ドレスコード (Prod. imase),LE SSERAFIM,ドレスコード (Prod. imase),6IDmSxLLVK1EaJtC9Y6KmV,3o0Nlc7DVVC39pfv4nTi9Y,60,2023-11-19,216348,False,https://open.spotify.com/track/3o0Nlc7DVVC39pfv4nTi9Y,0.752,0.796,10,-4.507,0,0.0281,0.0582,0.0,0.188,0.801,111.991
